ORGID,ULB_ORG_ID,O_NLS_ORGNAME,O_NLS_ORGNAME_MAR,ORG_SHORT_NM,ORG_ADDRESS,ORG_ADDRESS_MAR,O_LOGO,ORG_GST_NO,ORG_LATITUDE,ORG_LONGITUDE,TRAN_START_DATE,ESDT_DATE,ORG_REGNO,TDS_ACCOUNTNO,TDS_CIRCLE,TDS_PAN_GIR_NO,ORG_TAX_DED_NAME,ORG_TAX_DED_ADDR,ORG_EMAIL_ID,VAT_CIRCLE,VAT_DED_NAME,ORG_CPD_ID,ORG_CPD_ID_STATE,ORG_CPD_ID_DIV,ORG_CPD_ID_OST,ORG_CPD_ID_DIS,ORG_MULTI_CURRENCY_FLAG,CU_ID,AC_GO_LIVE_DATE,DEFAULT_STATUS,ORG_STATUS,CREATED_BY,CREATED_DATE,UPDATED_BY,UPDATED_DATE,LG_IP_MAC,LG_IP_MAC_UPD
1,1,Urban Administration & Development , नगरीय प्रशासन एव विकास विभाग ,ABM,"Chhattisgarh ,Naya Raipur"," छत्तीसगढ़, नया रायपुर",1\ORGANISATION_MASTER\1528693783556\1\0\chattisghah.png,,,,01-04-1990 00:00,01-06-1989 00:00,NULL,NULL,NULL,NULL,NULL,NULL,,NULL,NULL,115,141,237,111,230,NULL,NULL,NULL,Y,A,2,11-06-2018 00:00,2,11-06-2018 00:00,CSI-LEN-905/192.168.100.206/00-23-24-62-06-39,NULL
6,2,Raipur Municipal Corporation , रायपुर नगर निगम,RPRR,,,6\ORGANISATION_MASTER\1536643732511\6\0\chattisghah.png,22AAAAA0000A1ZS,21.2514,81.6296,01-04-1991 00:00,01-06-1990 00:00,,NULL,NULL,NULL,NULL,NULL,,NULL,NULL,115,141,237,111,230,NULL,NULL,NULL,,A,2,26-07-2018 00:00,5,11-09-2018 00:00,CSI-LEN-905/192.168.100.206/00-23-24-62-06-39,192.168.100.109
7,10,Ambikapur Municipal Corporation,अंबिकापुर नगर निगम,AMBS,,,7\ORGANISATION_MASTER\1538386710255\7\0\chattisghah.png,,23.1355,83.1818,01-04-1990 00:00,01-04-1990 00:00,,NULL,NULL,NULL,NULL,NULL,,NULL,NULL,115,141,234,111,231,NULL,NULL,NULL,,A,2,13-06-2018 00:00,10,01-10-2018 00:00,CSI-LEN-905/192.168.100.206/00-23-24-62-06-39,103.69.90.147
8,3,Bilaspur Municipal Corporation,बिलासपुर नगर निगम,BSPB,"BILASPUR MUN\CIPAL CORPORATION Vikas Bhawan, Nehru Chowk, Bilaspur (CG)","BILASPUR MUN\CIPAL CORPORATION Vikas Bhawan, Nehru Chowk, Bilaspur (CG)",NULL,,22.0796,82.1391,30-06-2018 00:00,01-01-2010 00:00,,NULL,NULL,NULL,NULL,NULL,,NULL,NULL,115,141,235,111,233,NULL,NULL,NULL,,A,2,30-06-2018 00:00,2,22-08-2018 00:00,CSI-LEN-905/192.168.100.206/00-23-24-62-06-39,192.168.100.8
9,4,Rajnandgaon Municipal Corporation,राजनंदगांव नगर निगम,RJNR,"Municipal Corporation Rajnandgaon,  G.E. ROAD, Rajnandgaon DIST. Rajnandgaon  (C.G.)","Municipal Corporation Rajnandgaon,  G.E. ROAD, Rajnandgaon DIST. Rajnandgaon  (C.G.)",NULL,,21.097855,81.033707,01-01-2018 00:00,01-01-2009 00:00,,NULL,NULL,NULL,NULL,NULL,,NULL,NULL,115,141,237,111,232,NULL,NULL,NULL,,A,2,30-06-2018 00:00,2,22-08-2018 00:00,CSI-LEN-905/192.168.100.206/00-23-24-62-06-39,192.168.100.8
10,5,Kawardha Municipal Council,कवर्धा नगर पालिका,KWDK,"Kawardha, Chhattisgarh 491995","कवारधा, छत्तीसगढ़ 491959",1\ORGANISATION_MASTER\1530940409586\0\cg_logo.png,,,,01-01-2017 00:00,01-01-2004 00:00,NULL,NULL,NULL,NULL,NULL,NULL,,NULL,NULL,114,141,236,112,233,NULL,NULL,NULL,,A,2,07-07-2018 00:00,NULL,NULL,CSI-LEN-905/192.168.100.206/00-23-24-62-06-39,NULL
11,6,Sitapur Nagar Panchayat,सीतापुर नगर पंचायत,STPS,"Municipal Corporation Sitapur, Chhattisgarh","Municipal Corporation Sitapur, Chhattisgarh",1\ORGANISATION_MASTER\1531201874118\0\cg_logo.png,,,,01-01-2010 00:00,01-07-2002 00:00,NULL,NULL,NULL,NULL,NULL,NULL,,NULL,NULL,239,141,234,113,231,NULL,NULL,NULL,,A,2,10-07-2018 00:00,NULL,NULL,CSI-LEN-905/192.168.100.206/00-23-24-62-06-39,NULL
12,7,Charama Nagar Panchayat,चरमा नगर पंचायत,CHRK,Charama Nagar Panchayat,Charama Nagar Panchayat,1\ORGANISATION_MASTER\1531204929477\0\cg_logo.png,,,,01-04-2010 00:00,01-07-2000 00:00,NULL,NULL,NULL,NULL,NULL,NULL,,NULL,NULL,239,141,238,113,233,NULL,NULL,NULL,,A,2,10-07-2018 00:00,NULL,NULL,CSI-LEN-905/192.168.100.206/00-23-24-62-06-39,NULL
13,8,Bhatapara Municipal Council,भाटापारा नगर पालिका,BHPB,Bhatapara Municipal Council,भाटापारा नगर पालिका,NULL,,21.738371,81.948029,01-04-2010 00:00,01-04-2000 00:00,,NULL,NULL,NULL,NULL,NULL,,NULL,NULL,114,141,235,113,4403,NULL,NULL,NULL,,A,2,10-07-2018 00:00,33,11-09-2018 00:00,CSI-LEN-905/192.168.100.206/00-23-24-62-06-39,192.168.100.67
14,333,Bhilai Municipal Corporation,भिलाई नगर निगम,BHID,,,NULL,,,,05-10-2018 00:00,05-10-2018 00:00,,NULL,NULL,NULL,NULL,NULL,,NULL,NULL,115,141,236,111,230,NULL,NULL,NULL,,A,1,05-10-2018 00:00,NULL,NULL,103.69.90.147,NULL
15,555,Korba Municipal Corporation,कोरबा नगर निगम,KRBK,,,NULL,,,,05-10-2018 00:00,05-10-2018 00:00,,NULL,NULL,NULL,NULL,NULL,,NULL,NULL,115,141,235,111,230,NULL,NULL,NULL,,A,1,05-10-2018 00:00,NULL,NULL,103.69.90.147,NULL
16,666,Durg Municipal Corporation,दुर्ग नगर निगम,DRGD,,,NULL,,,,05-10-2018 00:00,05-10-2018 00:00,,NULL,NULL,NULL,NULL,NULL,,NULL,NULL,115,141,236,111,230,NULL,NULL,NULL,,A,1,05-10-2018 00:00,NULL,NULL,103.69.90.147,NULL
17,888,Raigarh Municipal Corporation,रायगढ़ नगर निगम,RGRR,,,NULL,,,,05-10-2018 00:00,05-10-2018 00:00,,NULL,NULL,NULL,NULL,NULL,,NULL,NULL,115,141,235,111,230,NULL,NULL,NULL,,A,1,05-10-2018 00:00,NULL,NULL,103.69.90.147,NULL
18,9,Jagdalpur Municipal Corporation,जगदलपुर नगर निगम,JDPB,,,NULL,,,,05-10-2018 00:00,05-10-2018 00:00,,NULL,NULL,NULL,NULL,NULL,,NULL,NULL,115,141,238,111,230,NULL,NULL,NULL,,A,1,05-10-2018 00:00,NULL,NULL,103.69.90.147,NULL
19,11,Dhamtari Municipal Corporation,धम्मती नगर निगम,DHMD,,,NULL,,,,05-10-2018 00:00,05-10-2018 00:00,,NULL,NULL,NULL,NULL,NULL,,NULL,NULL,115,141,237,111,230,NULL,NULL,NULL,,A,1,05-10-2018 00:00,NULL,NULL,103.69.90.147,NULL
20,12,Bhilai-Charoda Municipal Corporation,भिलाई-चारोडा नगर निगम,BHID,,,NULL,,,,05-10-2018 00:00,05-10-2018 00:00,,NULL,NULL,NULL,NULL,NULL,,NULL,NULL,115,141,236,111,230,NULL,NULL,NULL,,A,1,05-10-2018 00:00,NULL,NULL,103.69.90.147,NULL
21,13,Birgaon Municipal Corporation,बिरगांव नगर निगम,BIRR,,,NULL,,,,05-10-2018 00:00,05-10-2018 00:00,,NULL,NULL,NULL,NULL,NULL,,NULL,NULL,115,141,237,111,230,NULL,NULL,NULL,,A,1,05-10-2018 00:00,NULL,NULL,103.69.90.147,NULL
22,14,Chirmiri Municipal Corporation,चिर्मिरी नगर निगम,CHMC,,,NULL,,,,05-10-2018 00:00,05-10-2018 00:00,,NULL,NULL,NULL,NULL,NULL,,NULL,NULL,115,141,234,111,230,NULL,NULL,NULL,,A,1,05-10-2018 00:00,NULL,NULL,103.69.90.147,NULL
23,16,Mahasamund Municipal Council,महासामुंड नगर परिषद,MSMM,,,NULL,,,,05-10-2018 00:00,05-10-2018 00:00,,NULL,NULL,NULL,NULL,NULL,,NULL,NULL,114,141,237,111,230,NULL,NULL,NULL,,A,1,05-10-2018 00:00,NULL,NULL,103.69.90.147,NULL
24,18,Champa Municipal Council,चंपा नगर परिषद,CHPJ,,,NULL,,,,05-10-2018 00:00,05-10-2018 00:00,,NULL,NULL,NULL,NULL,NULL,,NULL,NULL,114,141,235,111,230,NULL,NULL,NULL,,A,1,05-10-2018 00:00,NULL,NULL,103.69.90.147,NULL
25,19,Dalli-rajhara Municipal Council,दल्ली-राजहर नगर परिषद,MCDL,,,NULL,,,,05-10-2018 00:00,05-10-2018 00:00,,NULL,NULL,NULL,NULL,NULL,,NULL,NULL,114,141,236,111,230,NULL,NULL,NULL,,A,1,05-10-2018 00:00,NULL,NULL,103.69.90.147,NULL
26,20,Janjgir-Naila Municipal Council,जंजगीर-नैला नगर परिषद,MCJN,,,NULL,,,,05-10-2018 00:00,05-10-2018 00:00,,NULL,NULL,NULL,NULL,NULL,,NULL,NULL,114,141,235,111,230,NULL,NULL,NULL,,A,1,05-10-2018 00:00,NULL,NULL,103.69.90.147,NULL
27,21,Kanker Municipal Council,कंकड़ नगर परिषद,KKRK,,,NULL,,,,05-10-2018 00:00,05-10-2018 00:00,,NULL,NULL,NULL,NULL,NULL,,NULL,NULL,114,141,238,111,230,NULL,NULL,NULL,,A,1,05-10-2018 00:00,NULL,NULL,103.69.90.147,NULL
28,22,Dongargarh Municipal Council,डोंगगढ़ नगर परिषद,DGGR,,,NULL,,,,05-10-2018 00:00,05-10-2018 00:00,,NULL,NULL,NULL,NULL,NULL,,NULL,NULL,114,141,236,111,230,NULL,NULL,NULL,,A,1,05-10-2018 00:00,NULL,NULL,103.69.90.147,NULL
29,23,Tilda-Newra  Municipal Council,तिल्दा-न्यूरा नगर परिषद,MCTN,,,NULL,,,,05-10-2018 00:00,05-10-2018 00:00,,NULL,NULL,NULL,NULL,NULL,,NULL,NULL,114,141,237,111,230,NULL,NULL,NULL,,A,1,05-10-2018 00:00,NULL,NULL,103.69.90.147,NULL
30,24,Mungeli Municipal Council,मुंगेली नगर परिषद,MUNM,,,NULL,,,,05-10-2018 00:00,05-10-2018 00:00,,NULL,NULL,NULL,NULL,NULL,,NULL,NULL,114,141,235,111,230,NULL,NULL,NULL,,A,1,05-10-2018 00:00,NULL,NULL,103.69.90.147,NULL
31,25,Kumhari Municipal Council,कुम्हारी नगर परिषद,KUMD,,,NULL,,,,05-10-2018 00:00,05-10-2018 00:00,,NULL,NULL,NULL,NULL,NULL,,NULL,NULL,114,141,236,111,230,NULL,NULL,NULL,,A,1,05-10-2018 00:00,NULL,NULL,103.69.90.147,NULL
32,26,Manendragarh Municipal Council,मनेंद्रगढ़ नगर परिषद,MNGK,,,NULL,,,,05-10-2018 00:00,05-10-2018 00:00,,NULL,NULL,NULL,NULL,NULL,,NULL,NULL,114,141,234,111,230,NULL,NULL,NULL,,A,1,05-10-2018 00:00,NULL,NULL,103.69.90.147,NULL
33,27,Kondagaon Municipal Council,कोंडागांव नगर परिषद,KDGK,,,NULL,,,,05-10-2018 00:00,05-10-2018 00:00,,NULL,NULL,NULL,NULL,NULL,,NULL,NULL,114,141,238,111,230,NULL,NULL,NULL,,A,1,05-10-2018 00:00,NULL,NULL,103.69.90.147,NULL
34,28,Tifra Municipal Council,तिफ़रा नगर परिषद,TFRB,,,NULL,,,,05-10-2018 00:00,05-10-2018 00:00,,NULL,NULL,NULL,NULL,NULL,,NULL,NULL,114,141,235,111,230,NULL,NULL,NULL,,A,1,05-10-2018 00:00,NULL,NULL,103.69.90.147,NULL
35,29,Gobranawapara Municipal Council,गोबरानपारा नगर परिषद,GRNR,,,NULL,,,,05-10-2018 00:00,05-10-2018 00:00,,NULL,NULL,NULL,NULL,NULL,,NULL,NULL,114,141,237,111,230,NULL,NULL,NULL,,A,1,05-10-2018 00:00,NULL,NULL,103.69.90.147,NULL
36,30,Bemetara Municipal Council,बेमेतारा नगर परिषद,MCBE,,,NULL,,,,05-10-2018 00:00,05-10-2018 00:00,,NULL,NULL,NULL,NULL,NULL,,NULL,NULL,114,141,236,111,230,NULL,NULL,NULL,,A,1,05-10-2018 00:00,NULL,NULL,103.69.90.147,NULL
37,31,Baikunthpur Municipal Council,बायकुनथपुर नगर परिषद,BTPK,,,NULL,,,,05-10-2018 00:00,05-10-2018 00:00,,NULL,NULL,NULL,NULL,NULL,,NULL,NULL,114,141,234,111,230,NULL,NULL,NULL,,A,1,05-10-2018 00:00,NULL,NULL,103.69.90.147,NULL
38,32,Jashpur-Nagar Municipal Council,जशपुर-नगर नगर परिषद,CCJN,,,NULL,,,,05-10-2018 00:00,05-10-2018 00:00,,NULL,NULL,NULL,NULL,NULL,,NULL,NULL,114,141,234,111,230,NULL,NULL,NULL,,A,1,05-10-2018 00:00,NULL,NULL,103.69.90.147,NULL
39,33,Deepika Municipal Council,दीपिका नगर परिषद,MCDK,,,NULL,,,,05-10-2018 00:00,05-10-2018 00:00,,NULL,NULL,NULL,NULL,NULL,,NULL,NULL,114,141,235,111,230,NULL,NULL,NULL,,A,1,05-10-2018 00:00,NULL,NULL,103.69.90.147,NULL
40,34,Balodabazar Municipal Council,बलोडबाजार नगर परिषद,BLDJ,,,NULL,,,,05-10-2018 00:00,05-10-2018 00:00,,NULL,NULL,NULL,NULL,NULL,,NULL,NULL,114,141,237,111,230,NULL,NULL,NULL,,A,1,05-10-2018 00:00,NULL,NULL,103.69.90.147,NULL
41,35,Jamul Municipal Council,जमुल नगर परिषद,JAMD,,,NULL,,,,05-10-2018 00:00,05-10-2018 00:00,,NULL,NULL,NULL,NULL,NULL,,NULL,NULL,114,141,236,111,230,NULL,NULL,NULL,,A,1,05-10-2018 00:00,NULL,NULL,103.69.90.147,NULL
42,36,Ratanpur Municipal Council,रतनपुर नगर परिषद,RTPB,,,NULL,,,,05-10-2018 00:00,05-10-2018 00:00,,NULL,NULL,NULL,NULL,NULL,,NULL,NULL,114,141,235,111,230,NULL,NULL,NULL,,A,1,05-10-2018 00:00,NULL,NULL,103.69.90.147,NULL
43,37,Balod Municipal Council,बलोड नगर परिषद,BALB,,,NULL,,,,05-10-2018 00:00,05-10-2018 00:00,,NULL,NULL,NULL,NULL,NULL,,NULL,NULL,114,141,236,111,230,NULL,NULL,NULL,,A,1,05-10-2018 00:00,NULL,NULL,103.69.90.147,NULL
44,38,Shivpurcharcha Municipal Council,शिवपुरचर्च नगर परिषद,SPCK,,,NULL,,,,05-10-2018 00:00,05-10-2018 00:00,,NULL,NULL,NULL,NULL,NULL,,NULL,NULL,114,141,234,111,230,NULL,NULL,NULL,,A,1,05-10-2018 00:00,NULL,NULL,103.69.90.147,NULL
45,39,Akaltara Municipal Council,अकालता नगर परिषद,AKTJ,,,NULL,,,,05-10-2018 00:00,05-10-2018 00:00,,NULL,NULL,NULL,NULL,NULL,,NULL,NULL,114,141,235,111,230,NULL,NULL,NULL,,A,1,05-10-2018 00:00,NULL,NULL,103.69.90.147,NULL
46,40,Katghora Municipal Council,कटघोरा नगर परिषद,MCKH,,,NULL,,,,05-10-2018 00:00,05-10-2018 00:00,,NULL,NULL,NULL,NULL,NULL,,NULL,NULL,114,141,235,111,230,NULL,NULL,NULL,,A,1,05-10-2018 00:00,NULL,NULL,103.69.90.147,NULL
47,41,Khairagarh Municipal Council,खैरागढ़ नगर परिषद,KHGR,,,NULL,,,,05-10-2018 00:00,05-10-2018 00:00,,NULL,NULL,NULL,NULL,NULL,,NULL,NULL,114,141,236,111,230,NULL,NULL,NULL,,A,1,05-10-2018 00:00,NULL,NULL,103.69.90.147,NULL
48,42,Narayanpur Municipal Council,नारायणपुर नगर परिषद,NRPN,,,NULL,,,,05-10-2018 00:00,05-10-2018 00:00,,NULL,NULL,NULL,NULL,NULL,,NULL,NULL,114,141,238,111,230,NULL,NULL,NULL,,A,1,05-10-2018 00:00,NULL,NULL,103.69.90.147,NULL
49,43,Sakti Municipal Council,सक्ति नगर परिषद,SKTJ,,,NULL,,,,05-10-2018 00:00,05-10-2018 00:00,,NULL,NULL,NULL,NULL,NULL,,NULL,NULL,114,141,235,111,230,NULL,NULL,NULL,,A,1,05-10-2018 00:00,NULL,NULL,103.69.90.147,NULL
50,44,Badi-Bacheli Municipal Council,बडी-बहेली नगर परिषद,MCBB,,,NULL,,,,05-10-2018 00:00,05-10-2018 00:00,,NULL,NULL,NULL,NULL,NULL,,NULL,NULL,114,141,238,111,230,NULL,NULL,NULL,,A,1,05-10-2018 00:00,NULL,NULL,103.69.90.147,NULL
51,45,Ahiwara Municipal Council,अहिवा नगर परिषद,AHWD,,,NULL,,,,05-10-2018 00:00,05-10-2018 00:00,,NULL,NULL,NULL,NULL,NULL,,NULL,NULL,114,141,236,111,230,NULL,NULL,NULL,,A,1,05-10-2018 00:00,NULL,NULL,103.69.90.147,NULL
52,46,Surajpur Municipal Council,सूरजपुर नगर परिषद,SJPS,,,NULL,,,,05-10-2018 00:00,05-10-2018 00:00,,NULL,NULL,NULL,NULL,NULL,,NULL,NULL,114,141,234,111,230,NULL,NULL,NULL,,A,1,05-10-2018 00:00,NULL,NULL,103.69.90.147,NULL
53,47,Saraipali Municipal Council,सारापाली नगर परिषद,SRPM,,,NULL,,,,05-10-2018 00:00,05-10-2018 00:00,,NULL,NULL,NULL,NULL,NULL,,NULL,NULL,114,141,237,111,230,NULL,NULL,NULL,,A,1,05-10-2018 00:00,NULL,NULL,103.69.90.147,NULL
54,48,Takhatpur Municipal Council,तख्तपुर नगर परिषद,TKPB,,,NULL,,,,05-10-2018 00:00,05-10-2018 00:00,,NULL,NULL,NULL,NULL,NULL,,NULL,NULL,114,141,235,111,230,NULL,NULL,NULL,,A,1,05-10-2018 00:00,NULL,NULL,103.69.90.147,NULL
55,49,Bagbahara Municipal Council,बागबाहारा नगर परिषद,MCBG,,,NULL,,,,05-10-2018 00:00,05-10-2018 00:00,,NULL,NULL,NULL,NULL,NULL,,NULL,NULL,114,141,237,111,230,NULL,NULL,NULL,,A,1,05-10-2018 00:00,NULL,NULL,103.69.90.147,NULL
56,50,Aarang Municipal Council,आरांग नगर परिषद,ARGR,,,NULL,,,,05-10-2018 00:00,05-10-2018 00:00,,NULL,NULL,NULL,NULL,NULL,,NULL,NULL,114,141,237,111,230,NULL,NULL,NULL,,A,1,05-10-2018 00:00,NULL,NULL,103.69.90.147,NULL
57,51,Kharsiya Municipal Council,खारसिया नगर परिषद,KRSR,,,NULL,,,,05-10-2018 00:00,05-10-2018 00:00,,NULL,NULL,NULL,NULL,NULL,,NULL,NULL,114,141,235,111,230,NULL,NULL,NULL,,A,1,05-10-2018 00:00,NULL,NULL,103.69.90.147,NULL
58,52,Kirandul Municipal Council,किरणंदुल नगर परिषद,KDLD,,,NULL,,,,05-10-2018 00:00,05-10-2018 00:00,,NULL,NULL,NULL,NULL,NULL,,NULL,NULL,114,141,238,111,230,NULL,NULL,NULL,,A,1,05-10-2018 00:00,NULL,NULL,103.69.90.147,NULL
59,53,Bijapur Municipal Council,बीजापुर नगर परिषद,BIJB,,,NULL,,,,05-10-2018 00:00,05-10-2018 00:00,,NULL,NULL,NULL,NULL,NULL,,NULL,NULL,114,141,238,111,230,NULL,NULL,NULL,,A,1,05-10-2018 00:00,NULL,NULL,103.69.90.147,NULL
60,54,Sarangarh Municipal Council,सरनगढ़ नगर परिषद,SGHR,,,NULL,,,,05-10-2018 00:00,05-10-2018 00:00,,NULL,NULL,NULL,NULL,NULL,,NULL,NULL,114,141,235,111,230,NULL,NULL,NULL,,A,1,05-10-2018 00:00,NULL,NULL,103.69.90.147,NULL
61,55,Sukma Municipal Council,सुक्मा नगर परिषद,SKMS,,,NULL,,,,05-10-2018 00:00,05-10-2018 00:00,,NULL,NULL,NULL,NULL,NULL,,NULL,NULL,114,141,238,111,230,NULL,NULL,NULL,,A,1,05-10-2018 00:00,NULL,NULL,103.69.90.147,NULL
62,56,Dantewada Municipal Council,दंतेवाड़ा नगर परिषद,DWDD,,,NULL,,,,05-10-2018 00:00,05-10-2018 00:00,,NULL,NULL,NULL,NULL,NULL,,NULL,NULL,114,141,238,111,230,NULL,NULL,NULL,,A,1,05-10-2018 00:00,NULL,NULL,103.69.90.147,NULL
63,57,Gariaband Municipal Council,गारीबंद नगर परिषद,MCGY,,,NULL,,,,05-10-2018 00:00,05-10-2018 00:00,,NULL,NULL,NULL,NULL,NULL,,NULL,NULL,114,141,237,111,230,NULL,NULL,NULL,,A,1,05-10-2018 00:00,NULL,NULL,103.69.90.147,NULL
64,58,Balrampur Municipal Council,बलरामपुर नगर परिषद,BRPB,,,NULL,,,,05-10-2018 00:00,05-10-2018 00:00,,NULL,NULL,NULL,NULL,NULL,,NULL,NULL,114,141,234,111,230,NULL,NULL,NULL,,A,1,05-10-2018 00:00,NULL,NULL,103.69.90.147,NULL
65,59,Sirgitti Nagar Panchayat,सरगीट्टी नगर पंचायत,SGTB,,,NULL,,,,05-10-2018 00:00,05-10-2018 00:00,,NULL,NULL,NULL,NULL,NULL,,NULL,NULL,239,141,235,111,230,NULL,NULL,NULL,,A,1,05-10-2018 00:00,NULL,NULL,103.69.90.147,NULL
66,60,Kota Nagar Panchayat,कोटा नगर पंचायत,KTAB,,,NULL,,,,05-10-2018 00:00,05-10-2018 00:00,,NULL,NULL,NULL,NULL,NULL,,NULL,NULL,239,141,235,111,230,NULL,NULL,NULL,,A,1,05-10-2018 00:00,NULL,NULL,103.69.90.147,NULL
67,61,Gaurela Nagar Panchayat,गौरेला नगर पंचायत,CCGO,,,NULL,,,,05-10-2018 00:00,05-10-2018 00:00,,NULL,NULL,NULL,NULL,NULL,,NULL,NULL,239,141,235,111,230,NULL,NULL,NULL,,A,1,05-10-2018 00:00,NULL,NULL,103.69.90.147,NULL
68,62,Bodri Nagar Panchayat,बोडरी नगर पंचायत,BDRB,,,NULL,,,,05-10-2018 00:00,05-10-2018 00:00,,NULL,NULL,NULL,NULL,NULL,,NULL,NULL,239,141,235,111,230,NULL,NULL,NULL,,A,1,05-10-2018 00:00,NULL,NULL,103.69.90.147,NULL
69,63,Khoganpani Nagar Panchayat,खोगनपानी नगर पंचायत,CCKG,,,NULL,,,,05-10-2018 00:00,05-10-2018 00:00,,NULL,NULL,NULL,NULL,NULL,,NULL,NULL,239,141,234,111,230,NULL,NULL,NULL,,A,1,05-10-2018 00:00,NULL,NULL,103.69.90.147,NULL
70,64,Patthalgaon Nagar Panchayat,पाथलगांव नगर पंचायत,CCPG,,,NULL,,,,05-10-2018 00:00,05-10-2018 00:00,,NULL,NULL,NULL,NULL,NULL,,NULL,NULL,239,141,234,111,230,NULL,NULL,NULL,,A,1,05-10-2018 00:00,NULL,NULL,103.69.90.147,NULL
71,65,Pandariya Nagar Panchayat,पांडारी नगर पंचायत,CCPN,,,NULL,,,,05-10-2018 00:00,05-10-2018 00:00,,NULL,NULL,NULL,NULL,NULL,,NULL,NULL,239,141,236,111,230,NULL,NULL,NULL,,A,1,05-10-2018 00:00,NULL,NULL,103.69.90.147,NULL
72,66,Simga Nagar Panchayat,सिम्गा नगर पंचायत,SMGB,,,NULL,,,,05-10-2018 00:00,05-10-2018 00:00,,NULL,NULL,NULL,NULL,NULL,,NULL,NULL,239,141,237,111,230,NULL,NULL,NULL,,A,1,05-10-2018 00:00,NULL,NULL,103.69.90.147,NULL
73,67,Lormi Nagar Panchayat,लोरमी नगर पंचायत,LRMM,,,NULL,,,,05-10-2018 00:00,05-10-2018 00:00,,NULL,NULL,NULL,NULL,NULL,,NULL,NULL,239,141,235,111,230,NULL,NULL,NULL,,A,1,05-10-2018 00:00,NULL,NULL,103.69.90.147,NULL
74,68,Dongargaon Nagar Panchayat,डोंगगांव नगर पंचायत,DNGR,,,NULL,,,,05-10-2018 00:00,05-10-2018 00:00,,NULL,NULL,NULL,NULL,NULL,,NULL,NULL,239,141,236,111,230,NULL,NULL,NULL,,A,1,05-10-2018 00:00,NULL,NULL,103.69.90.147,NULL
75,69,Abhanpur Nagar Panchayat,अभनपुर नगर पंचायत,ABPR,,,NULL,,,,05-10-2018 00:00,05-10-2018 00:00,,NULL,NULL,NULL,NULL,NULL,,NULL,NULL,239,141,237,111,230,NULL,NULL,NULL,,A,1,05-10-2018 00:00,NULL,NULL,103.69.90.147,NULL
76,70,Dharamjaigarh Nagar Panchayat,धर्मजगढ़ नगर पंचायत,DJGR,,,NULL,,,,05-10-2018 00:00,05-10-2018 00:00,,NULL,NULL,NULL,NULL,NULL,,NULL,NULL,239,141,235,111,230,NULL,NULL,NULL,,A,1,05-10-2018 00:00,NULL,NULL,103.69.90.147,NULL
77,71,Pendra Nagar Panchayat,पेन्द्र नगर पंचायत,PNDB,,,NULL,,,,05-10-2018 00:00,05-10-2018 00:00,,NULL,NULL,NULL,NULL,NULL,,NULL,NULL,239,141,235,111,230,NULL,NULL,NULL,,A,1,05-10-2018 00:00,NULL,NULL,103.69.90.147,NULL
78,72,Rajim Nagar Panchayat,रजिम नगर पंचायत,RJMG,,,NULL,,,,05-10-2018 00:00,05-10-2018 00:00,,NULL,NULL,NULL,NULL,NULL,,NULL,NULL,239,141,237,111,230,NULL,NULL,NULL,,A,1,05-10-2018 00:00,NULL,NULL,103.69.90.147,NULL
79,73,Kasdol Nagar Panchayat,कासडोल नगर पंचायत,KSDB,,,NULL,,,,05-10-2018 00:00,05-10-2018 00:00,,NULL,NULL,NULL,NULL,NULL,,NULL,NULL,239,141,237,111,230,NULL,NULL,NULL,,A,1,05-10-2018 00:00,NULL,NULL,103.69.90.147,NULL
80,74,Kunkuri Nagar Panchayat,कंकुरी नगर पंचायत,KNKJ,,,NULL,,,,05-10-2018 00:00,05-10-2018 00:00,,NULL,NULL,NULL,NULL,NULL,,NULL,NULL,239,141,234,111,230,NULL,NULL,NULL,,A,1,05-10-2018 00:00,NULL,NULL,103.69.90.147,NULL
81,75,Kurud Nagar Panchayat,कुरुद नगर पंचायत,KRDD,,,NULL,,,,05-10-2018 00:00,05-10-2018 00:00,,NULL,NULL,NULL,NULL,NULL,,NULL,NULL,239,141,237,111,230,NULL,NULL,NULL,,A,1,05-10-2018 00:00,NULL,NULL,103.69.90.147,NULL
82,76,Balauda Nagar Panchayat,बालादा नगर पंचायत,CCBL,,,NULL,,,,05-10-2018 00:00,05-10-2018 00:00,,NULL,NULL,NULL,NULL,NULL,,NULL,NULL,239,141,235,111,230,NULL,NULL,NULL,,A,1,05-10-2018 00:00,NULL,NULL,103.69.90.147,NULL
83,77,Nagari Nagar Panchayat,नागरी नगर पंचायत,NAGD,,,NULL,,,,05-10-2018 00:00,05-10-2018 00:00,,NULL,NULL,NULL,NULL,NULL,,NULL,NULL,239,141,237,111,230,NULL,NULL,NULL,,A,1,05-10-2018 00:00,NULL,NULL,103.69.90.147,NULL
84,78,Gandai Nagar Panchayat,गांधीई नगर पंचायत,GNDR,,,NULL,,,,05-10-2018 00:00,05-10-2018 00:00,,NULL,NULL,NULL,NULL,NULL,,NULL,NULL,239,141,236,111,230,NULL,NULL,NULL,,A,1,05-10-2018 00:00,NULL,NULL,103.69.90.147,NULL
85,79,Kirodimal Nagar Panchayat,किरोदीमल नगर पंचायत,CCKL,,,NULL,,,,05-10-2018 00:00,05-10-2018 00:00,,NULL,NULL,NULL,NULL,NULL,,NULL,NULL,239,141,235,111,230,NULL,NULL,NULL,,A,1,05-10-2018 00:00,NULL,NULL,103.69.90.147,NULL
86,80,Sakri Nagar Panchayat,सकरी नगर पंचायत,SKRB,,,NULL,,,,05-10-2018 00:00,05-10-2018 00:00,,NULL,NULL,NULL,NULL,NULL,,NULL,NULL,239,141,235,111,230,NULL,NULL,NULL,,A,1,05-10-2018 00:00,NULL,NULL,103.69.90.147,NULL
87,81,Mana-Camp Nagar Panchayat,मन-शिविर नगर पंचायत,CCMC,,,NULL,,,,05-10-2018 00:00,05-10-2018 00:00,,NULL,NULL,NULL,NULL,NULL,,NULL,NULL,239,141,237,111,230,NULL,NULL,NULL,,A,1,05-10-2018 00:00,NULL,NULL,103.69.90.147,NULL
88,82,Ramanujganj Nagar Panchayat,रामानुजगंज नगर पंचायत,RMGB,,,NULL,,,,05-10-2018 00:00,05-10-2018 00:00,,NULL,NULL,NULL,NULL,NULL,,NULL,NULL,239,141,234,111,230,NULL,NULL,NULL,,A,1,05-10-2018 00:00,NULL,NULL,103.69.90.147,NULL
89,83,Vishrampur Nagar Panchayat,विश्वपुर नगर पंचायत,CCVS,,,NULL,,,,05-10-2018 00:00,05-10-2018 00:00,,NULL,NULL,NULL,NULL,NULL,,NULL,NULL,239,141,234,111,230,NULL,NULL,NULL,,A,1,05-10-2018 00:00,NULL,NULL,103.69.90.147,NULL
90,84,Bhatgaon Nagar Panchayat,भटगांव नगर पंचायत,BHGS,,,NULL,,,,05-10-2018 00:00,05-10-2018 00:00,,NULL,NULL,NULL,NULL,NULL,,NULL,NULL,239,141,234,111,230,NULL,NULL,NULL,,A,1,05-10-2018 00:00,NULL,NULL,103.69.90.147,NULL
91,85,Keskal Nagar Panchayat,केसल नगर पंचायत,CCKE,,,NULL,,,,05-10-2018 00:00,05-10-2018 00:00,,NULL,NULL,NULL,NULL,NULL,,NULL,NULL,239,141,238,111,230,NULL,NULL,NULL,,A,1,05-10-2018 00:00,NULL,NULL,103.69.90.147,NULL
92,86,Bilha Nagar Panchayat,बिल्हा नगर पंचायत,BLHB,,,NULL,,,,05-10-2018 00:00,05-10-2018 00:00,,NULL,NULL,NULL,NULL,NULL,,NULL,NULL,239,141,235,111,230,NULL,NULL,NULL,,A,1,05-10-2018 00:00,NULL,NULL,103.69.90.147,NULL
93,87,Nawagarh Nagar Panchayat,नवागढ़ नगर पंचायत,NWGB,,,NULL,,,,05-10-2018 00:00,05-10-2018 00:00,,NULL,NULL,NULL,NULL,NULL,,NULL,NULL,239,141,236,111,230,NULL,NULL,NULL,,A,1,05-10-2018 00:00,NULL,NULL,103.69.90.147,NULL
94,88,Bagicha Nagar Panchayat,बागिचा नगर पंचायत,BGCJ,,,NULL,,,,05-10-2018 00:00,05-10-2018 00:00,,NULL,NULL,NULL,NULL,NULL,,NULL,NULL,239,141,234,111,230,NULL,NULL,NULL,,A,1,05-10-2018 00:00,NULL,NULL,103.69.90.147,NULL
95,90,Basna Nagar Panchayat,बसना नगर पंचायत,BSNM,,,NULL,,,,05-10-2018 00:00,05-10-2018 00:00,,NULL,NULL,NULL,NULL,NULL,,NULL,NULL,239,141,237,111,230,NULL,NULL,NULL,,A,1,05-10-2018 00:00,NULL,NULL,103.69.90.147,NULL
96,91,Pankhajur Nagar Panchayat,पंकजुर नगर पंचायत,CCPK,,,NULL,,,,05-10-2018 00:00,05-10-2018 00:00,,NULL,NULL,NULL,NULL,NULL,,NULL,NULL,239,141,238,111,230,NULL,NULL,NULL,,A,1,05-10-2018 00:00,NULL,NULL,103.69.90.147,NULL
97,92,Kharod Nagar Panchayat,खरोड नगर पंचायत,KROJ,,,NULL,,,,05-10-2018 00:00,05-10-2018 00:00,,NULL,NULL,NULL,NULL,NULL,,NULL,NULL,239,141,235,111,230,NULL,NULL,NULL,,A,1,05-10-2018 00:00,NULL,NULL,103.69.90.147,NULL
98,93,Patan Nagar Panchayat,पाटन नगर पंचायत,PTND,,,NULL,,,,05-10-2018 00:00,05-10-2018 00:00,,NULL,NULL,NULL,NULL,NULL,,NULL,NULL,239,141,236,111,230,NULL,NULL,NULL,,A,1,05-10-2018 00:00,NULL,NULL,103.69.90.147,NULL
99,94,Bastar Nagar Panchayat,बस्तर नगर पंचायत,BSTB,,,NULL,,,,05-10-2018 00:00,05-10-2018 00:00,,NULL,NULL,NULL,NULL,NULL,,NULL,NULL,239,141,238,111,230,NULL,NULL,NULL,,A,1,05-10-2018 00:00,NULL,NULL,103.69.90.147,NULL
100,95,Dhamdha Nagar Panchayat,धाधा नगर पंचायत,DMDD,,,NULL,,,,05-10-2018 00:00,05-10-2018 00:00,,NULL,NULL,NULL,NULL,NULL,,NULL,NULL,239,141,236,111,230,NULL,NULL,NULL,,A,1,05-10-2018 00:00,NULL,NULL,103.69.90.147,NULL
101,96,Ambagarh-chouki Nagar Panchayat,अंबागढ़-चौकी नगर पंचायत,CCAC,,,NULL,,,,05-10-2018 00:00,05-10-2018 00:00,,NULL,NULL,NULL,NULL,NULL,,NULL,NULL,239,141,236,111,230,NULL,NULL,NULL,,A,1,05-10-2018 00:00,NULL,NULL,103.69.90.147,NULL
102,97,Fingeshwar Nagar Panchayat,फिंगेश्वर नगर पंचायत,FNGG,,,NULL,,,,05-10-2018 00:00,05-10-2018 00:00,,NULL,NULL,NULL,NULL,NULL,,NULL,NULL,239,141,237,111,230,NULL,NULL,NULL,,A,1,05-10-2018 00:00,NULL,NULL,103.69.90.147,NULL
103,99,Shivrinarayan Nagar Panchayat,शिवरानरारायण नगर पंचायत,SVNJ,,,NULL,,,,05-10-2018 00:00,05-10-2018 00:00,,NULL,NULL,NULL,NULL,NULL,,NULL,NULL,239,141,235,111,230,NULL,NULL,NULL,,A,1,05-10-2018 00:00,NULL,NULL,103.69.90.147,NULL
104,100,Gharghoda Nagar Panchayat,घरगोदा नगर पंचायत,GGDR,,,NULL,,,,05-10-2018 00:00,05-10-2018 00:00,,NULL,NULL,NULL,NULL,NULL,,NULL,NULL,239,141,235,111,230,NULL,NULL,NULL,,A,1,05-10-2018 00:00,NULL,NULL,103.69.90.147,NULL
105,102,Kharora Nagar Panchayat,खरोरा नगर पंचायत,KHRR,,,NULL,,,,05-10-2018 00:00,05-10-2018 00:00,,NULL,NULL,NULL,NULL,NULL,,NULL,NULL,239,141,237,111,230,NULL,NULL,NULL,,A,1,05-10-2018 00:00,NULL,NULL,103.69.90.147,NULL
106,103,Bhairamgarh Nagar Panchayat,भैरमगढ़ नगर पंचायत,BMGB,,,NULL,,,,05-10-2018 00:00,05-10-2018 00:00,,NULL,NULL,NULL,NULL,NULL,,NULL,NULL,239,141,238,111,230,NULL,NULL,NULL,,A,1,05-10-2018 00:00,NULL,NULL,103.69.90.147,NULL
107,104,Lawan Nagar Panchayat,लॉन नगर पंचायत,CCLV,,,NULL,,,,05-10-2018 00:00,05-10-2018 00:00,,NULL,NULL,NULL,NULL,NULL,,NULL,NULL,239,141,237,111,230,NULL,NULL,NULL,,A,1,05-10-2018 00:00,NULL,NULL,103.69.90.147,NULL
108,105,Kura Nagar Panchayat,कुरा नगर पंचायत,KRAR,,,NULL,,,,05-10-2018 00:00,05-10-2018 00:00,,NULL,NULL,NULL,NULL,NULL,,NULL,NULL,239,141,237,111,230,NULL,NULL,NULL,,A,1,05-10-2018 00:00,NULL,NULL,103.69.90.147,NULL
109,106,Nayabaradwar Nagar Panchayat,नायबरद्वार नगर पंचायत,CCNB,,,NULL,,,,05-10-2018 00:00,05-10-2018 00:00,,NULL,NULL,NULL,NULL,NULL,,NULL,NULL,239,141,235,111,230,NULL,NULL,NULL,,A,1,05-10-2018 00:00,NULL,NULL,103.69.90.147,NULL
110,107,Utai Nagar Panchayat,उदय नगर पंचायत,UTID,,,NULL,,,,05-10-2018 00:00,05-10-2018 00:00,,NULL,NULL,NULL,NULL,NULL,,NULL,NULL,239,141,236,111,230,NULL,NULL,NULL,,A,1,05-10-2018 00:00,NULL,NULL,103.69.90.147,NULL
111,108,Gundardehi Nagar Panchayat,गुंडरदेही नगर पंचायत,CCGU,,,NULL,,,,05-10-2018 00:00,05-10-2018 00:00,,NULL,NULL,NULL,NULL,NULL,,NULL,NULL,239,141,236,111,230,NULL,NULL,NULL,,A,1,05-10-2018 00:00,NULL,NULL,103.69.90.147,NULL
112,109,Palari Nagar Panchayat,पलारी नगर पंचायत,PLRB,,,NULL,,,,05-10-2018 00:00,05-10-2018 00:00,,NULL,NULL,NULL,NULL,NULL,,NULL,NULL,239,141,237,111,230,NULL,NULL,NULL,,A,1,05-10-2018 00:00,NULL,NULL,103.69.90.147,NULL
113,110,Malhar Nagar Panchayat,मल्हार नगर पंचायत,MLHB,,,NULL,,,,05-10-2018 00:00,05-10-2018 00:00,,NULL,NULL,NULL,NULL,NULL,,NULL,NULL,239,141,235,111,230,NULL,NULL,NULL,,A,1,05-10-2018 00:00,NULL,NULL,103.69.90.147,NULL
114,111,Pithora Nagar Panchayat,पिथोरा नगर पंचायत,PITM,,,NULL,,,,05-10-2018 00:00,05-10-2018 00:00,,NULL,NULL,NULL,NULL,NULL,,NULL,NULL,239,141,237,111,230,NULL,NULL,NULL,,A,1,05-10-2018 00:00,NULL,NULL,103.69.90.147,NULL
115,112,Khamharia Nagar Panchayat,खमेरिया नगर पंचायत,CCKI,,,NULL,,,,05-10-2018 00:00,05-10-2018 00:00,,NULL,NULL,NULL,NULL,NULL,,NULL,NULL,239,141,236,111,230,NULL,NULL,NULL,,A,1,05-10-2018 00:00,NULL,NULL,103.69.90.147,NULL
116,113,Chhurikala Nagar Panchayat,छुरिकला नगर पंचायत,CCCT,,,NULL,,,,05-10-2018 00:00,05-10-2018 00:00,,NULL,NULL,NULL,NULL,NULL,,NULL,NULL,239,141,235,111,230,NULL,NULL,NULL,,A,1,05-10-2018 00:00,NULL,NULL,103.69.90.147,NULL
117,114,Tundra Nagar Panchayat,टुंडरा नगर पंचायत,TDRB,,,NULL,,,,05-10-2018 00:00,05-10-2018 00:00,,NULL,NULL,NULL,NULL,NULL,,NULL,NULL,239,141,237,111,230,NULL,NULL,NULL,,A,1,05-10-2018 00:00,NULL,NULL,103.69.90.147,NULL
118,115,Lailunga Nagar Panchayat,लेलुंगा नगर पंचायत,LLUR,,,NULL,,,,05-10-2018 00:00,05-10-2018 00:00,,NULL,NULL,NULL,NULL,NULL,,NULL,NULL,239,141,235,111,230,NULL,NULL,NULL,,A,1,05-10-2018 00:00,NULL,NULL,103.69.90.147,NULL
119,116,Bhanupratappur Nagar Panchayat,भानुप्रतापुर नगर पंचायत,CCBN,,,NULL,,,,05-10-2018 00:00,05-10-2018 00:00,,NULL,NULL,NULL,NULL,NULL,,NULL,NULL,239,141,238,111,230,NULL,NULL,NULL,,A,1,05-10-2018 00:00,NULL,NULL,103.69.90.147,NULL
120,118,Dondi Nagar Panchayat,डोंडी नगर पंचायत,CCDN,,,NULL,,,,05-10-2018 00:00,05-10-2018 00:00,,NULL,NULL,NULL,NULL,NULL,,NULL,NULL,239,141,236,111,230,NULL,NULL,NULL,,A,1,05-10-2018 00:00,NULL,NULL,103.69.90.147,NULL
121,119,Jaijaipur Nagar Panchayat,जयजीपुर नगर पंचायत,JJPJ,,,NULL,,,,05-10-2018 00:00,05-10-2018 00:00,,NULL,NULL,NULL,NULL,NULL,,NULL,NULL,239,141,235,111,230,NULL,NULL,NULL,,A,1,05-10-2018 00:00,NULL,NULL,103.69.90.147,NULL
122,120,Dabhra Nagar Panchayat,दभरा नगर पंचायत,CCDB,,,NULL,,,,05-10-2018 00:00,05-10-2018 00:00,,NULL,NULL,NULL,NULL,NULL,,NULL,NULL,239,141,235,111,230,NULL,NULL,NULL,,A,1,05-10-2018 00:00,NULL,NULL,103.69.90.147,NULL
123,121,Chandrapur Nagar Panchayat,चंद्रपुर नगर पंचायत,CPRJ,,,NULL,,,,05-10-2018 00:00,05-10-2018 00:00,,NULL,NULL,NULL,NULL,NULL,,NULL,NULL,239,141,235,111,230,NULL,NULL,NULL,,A,1,05-10-2018 00:00,NULL,NULL,103.69.90.147,NULL
124,122,Jhagrakhand Nagar Panchayat,झग्राखंड नगर पंचायत,CCJK,,,NULL,,,,05-10-2018 00:00,05-10-2018 00:00,,NULL,NULL,NULL,NULL,NULL,,NULL,NULL,239,141,234,111,230,NULL,NULL,NULL,,A,1,05-10-2018 00:00,NULL,NULL,103.69.90.147,NULL
125,123,Bhakhara Nagar Panchayat,भाखरा नगर पंचायत,BHKD,,,NULL,,,,05-10-2018 00:00,05-10-2018 00:00,,NULL,NULL,NULL,NULL,NULL,,NULL,NULL,239,141,237,111,230,NULL,NULL,NULL,,A,1,05-10-2018 00:00,NULL,NULL,103.69.90.147,NULL
126,124,Sargaon Nagar Panchayat,सरगांव नगर पंचायत,SRGM,,,NULL,,,,05-10-2018 00:00,05-10-2018 00:00,,NULL,NULL,NULL,NULL,NULL,,NULL,NULL,239,141,235,111,230,NULL,NULL,NULL,,A,1,05-10-2018 00:00,NULL,NULL,103.69.90.147,NULL
127,148,Rahod Nagar Panchayat,रहाद नगर पंचायत,RHDJ,,,NULL,,,,05-10-2018 00:00,05-10-2018 00:00,,NULL,NULL,NULL,NULL,NULL,,NULL,NULL,239,141,235,111,230,NULL,NULL,NULL,,A,1,05-10-2018 00:00,NULL,NULL,103.69.90.147,NULL
128,149,Chhura Nagar Panchayat,छूरा नगर पंचायत,CHUG,,,NULL,,,,05-10-2018 00:00,05-10-2018 00:00,,NULL,NULL,NULL,NULL,NULL,,NULL,NULL,239,141,237,111,230,NULL,NULL,NULL,,A,1,05-10-2018 00:00,NULL,NULL,103.69.90.147,NULL
129,150,Wadrafnagar Nagar Panchayat,वाड्राफनगर नगर पंचायत,WDNB,,,NULL,,,,05-10-2018 00:00,05-10-2018 00:00,,NULL,NULL,NULL,NULL,NULL,,NULL,NULL,239,141,234,111,230,NULL,NULL,NULL,,A,1,05-10-2018 00:00,NULL,NULL,103.69.90.147,NULL
130,151,Daundi-Lohara Nagar Panchayat,दौंडी-लोहर नगर पंचायत,DNDB,,,NULL,,,,05-10-2018 00:00,05-10-2018 00:00,,NULL,NULL,NULL,NULL,NULL,,NULL,NULL,239,141,236,111,230,NULL,NULL,NULL,,A,1,05-10-2018 00:00,NULL,NULL,103.69.90.147,NULL
131,152,Bodla Nagar Panchayat,बोडला नगर पंचायत,BDLK,,,NULL,,,,05-10-2018 00:00,05-10-2018 00:00,,NULL,NULL,NULL,NULL,NULL,,NULL,NULL,239,141,236,111,230,NULL,NULL,NULL,,A,1,05-10-2018 00:00,NULL,NULL,103.69.90.147,NULL
132,153,Pratappur Nagar Panchayat,प्रतापपुर नगर पंचायत,PTPS,,,NULL,,,,05-10-2018 00:00,05-10-2018 00:00,,NULL,NULL,NULL,NULL,NULL,,NULL,NULL,239,141,234,111,230,NULL,NULL,NULL,,A,1,05-10-2018 00:00,NULL,NULL,103.69.90.147,NULL
133,154,Baramkela Nagar Panchayat,बारामकेला नगर पंचायत,BMKR,,,NULL,,,,05-10-2018 00:00,05-10-2018 00:00,,NULL,NULL,NULL,NULL,NULL,,NULL,NULL,239,141,235,111,230,NULL,NULL,NULL,,A,1,05-10-2018 00:00,NULL,NULL,103.69.90.147,NULL
134,155,Bilaigarh Nagar Panchayat,बिलीगढ़ नगर पंचायत,BGHB,,,NULL,,,,05-10-2018 00:00,05-10-2018 00:00,,NULL,NULL,NULL,NULL,NULL,,NULL,NULL,239,141,237,111,230,NULL,NULL,NULL,,A,1,05-10-2018 00:00,NULL,NULL,103.69.90.147,NULL
135,156,Pali Nagar Panchayat,पाली नगर पंचायत,PLIK,,,NULL,,,,05-10-2018 00:00,05-10-2018 00:00,,NULL,NULL,NULL,NULL,NULL,,NULL,NULL,239,141,235,111,230,NULL,NULL,NULL,,A,1,05-10-2018 00:00,NULL,NULL,103.69.90.147,NULL
136,157,Nai-Ledri Nagar Panchayat,नाई-लेद्र नगर पंचायत,CCNL,,,NULL,,,,05-10-2018 00:00,05-10-2018 00:00,,NULL,NULL,NULL,NULL,NULL,,NULL,NULL,239,141,234,111,230,NULL,NULL,NULL,,A,1,05-10-2018 00:00,NULL,NULL,103.69.90.147,NULL
137,158,Saja Nagar Panchayat,साजा नगर पंचायत,SJAB,,,NULL,,,,05-10-2018 00:00,05-10-2018 00:00,,NULL,NULL,NULL,NULL,NULL,,NULL,NULL,239,141,236,111,230,NULL,NULL,NULL,,A,1,05-10-2018 00:00,NULL,NULL,103.69.90.147,NULL
138,159,Berla Nagar Panchayat,बर्ल नगर पंचायत,BRLB,,,NULL,,,,05-10-2018 00:00,05-10-2018 00:00,,NULL,NULL,NULL,NULL,NULL,,NULL,NULL,239,141,236,111,230,NULL,NULL,NULL,,A,1,05-10-2018 00:00,NULL,NULL,103.69.90.147,NULL
139,160,Premnagar Nagar Panchayat,प्रेमनगर नगर पंचायत,PRNS,,,NULL,,,,05-10-2018 00:00,05-10-2018 00:00,,NULL,NULL,NULL,NULL,NULL,,NULL,NULL,239,141,234,111,230,NULL,NULL,NULL,,A,1,05-10-2018 00:00,NULL,NULL,103.69.90.147,NULL
140,161,Pipariya Nagar Panchayat,पिपारीय नगर पंचायत,PPRK,,,NULL,,,,05-10-2018 00:00,05-10-2018 00:00,,NULL,NULL,NULL,NULL,NULL,,NULL,NULL,239,141,236,111,230,NULL,NULL,NULL,,A,1,05-10-2018 00:00,NULL,NULL,103.69.90.147,NULL
141,162,Arjunda Nagar Panchayat,अर्जुन नगर पंचायत,ARJB,,,NULL,,,,05-10-2018 00:00,05-10-2018 00:00,,NULL,NULL,NULL,NULL,NULL,,NULL,NULL,239,141,236,111,230,NULL,NULL,NULL,,A,1,05-10-2018 00:00,NULL,NULL,103.69.90.147,NULL
142,163,Rajpur Nagar Panchayat,राजपुर नगर पंचायत,RJPB,,,NULL,,,,05-10-2018 00:00,05-10-2018 00:00,,NULL,NULL,NULL,NULL,NULL,,NULL,NULL,239,141,234,111,230,NULL,NULL,NULL,,A,1,05-10-2018 00:00,NULL,NULL,103.69.90.147,NULL
143,164,Pusaur Nagar Panchayat,पुसौर नगर पंचायत,CCPU,,,NULL,,,,05-10-2018 00:00,05-10-2018 00:00,,NULL,NULL,NULL,NULL,NULL,,NULL,NULL,239,141,235,111,230,NULL,NULL,NULL,,A,1,05-10-2018 00:00,NULL,NULL,103.69.90.147,NULL
144,165,Chhuria Nagar Panchayat,छुरिया नगर पंचायत,CCCY,,,NULL,,,,05-10-2018 00:00,05-10-2018 00:00,,NULL,NULL,NULL,NULL,NULL,,NULL,NULL,239,141,236,111,230,NULL,NULL,NULL,,A,1,05-10-2018 00:00,NULL,NULL,103.69.90.147,NULL
145,166,Naharpur Nagar Panchayat,नहरपुर नगर पंचायत,CCNH,,,NULL,,,,05-10-2018 00:00,05-10-2018 00:00,,NULL,NULL,NULL,NULL,NULL,,NULL,NULL,239,141,238,111,230,NULL,NULL,NULL,,A,1,05-10-2018 00:00,NULL,NULL,103.69.90.147,NULL
146,167,Bhopalpattnam Nagar Panchayat,भोपालपत्तनम नगर पंचायत,CCBP,,,NULL,,,,05-10-2018 00:00,05-10-2018 00:00,,NULL,NULL,NULL,NULL,NULL,,NULL,NULL,239,141,238,111,230,NULL,NULL,NULL,,A,1,05-10-2018 00:00,NULL,NULL,103.69.90.147,NULL
147,168,Gurur Nagar Panchayat,गुरुूर नगर पंचायत,GRRB,,,NULL,,,,05-10-2018 00:00,05-10-2018 00:00,,NULL,NULL,NULL,NULL,NULL,,NULL,NULL,239,141,236,111,230,NULL,NULL,NULL,,A,1,05-10-2018 00:00,NULL,NULL,103.69.90.147,NULL
148,169,Parpodi Nagar Panchayat,परपोदी नगर पंचायत,PRPB,,,NULL,,,,05-10-2018 00:00,05-10-2018 00:00,,NULL,NULL,NULL,NULL,NULL,,NULL,NULL,239,141,236,111,230,NULL,NULL,NULL,,A,1,05-10-2018 00:00,NULL,NULL,103.69.90.147,NULL
