ORGID,O_NLS_ORGNAME,USER_ID,LANG_ID,LMODDATE,TDS_ACCOUNTNO,TDS_CIRCLE,TDS_PAN_GIR_NO,ORG_TAX_DED_NAME,ORG_TAX_DED_ADDR,ORG_SHORT_NM,O_LOGO,ORG_ADDRESS,O_NLS_ORGNAME_MAR,ORG_ADDRESS_MAR,UPDATED_BY,UPDATED_DATE,TRAN_START_DATE,ESDT_DATE,ORG_STATUS,ORG_CPD_ID,DEFAULT_STATUS,ORG_CPD_ID_DIV,ORG_CPD_ID_OST,ORG_CPD_ID_DIS,ORG_EMAIL_ID,VAT_CIRCLE,VAT_DED_NAME,ORG_CPD_ID_STATE,ORG_LATITUDE,ORG_LONGITUDE,ORG_GST_NO,ULB_ORG_ID
1," Urban Administration & Development",2,2,"2018-06-11 00:00:00",NULL,NULL,NULL,NULL,NULL,NULL,1\ORGANISATION_MASTER\1528693783556\1\0\chattisghah.png,"Chhattisgarh ,Naya Raipur","नगरीय प्रशासन और विकास"," छत्तीसगढ़, नया रायपुर",2,"2018-06-11 00:00:00","1990-04-01 00:00:00","1989-06-01 00:00:00",A,115,Y,237,111,230,,NULL,NULL,141,NULL,NULL,NULL,1
6,"Raipur Municipal Corporation ",2,2,"2018-07-26 00:00:00",NULL,NULL,NULL,NULL,NULL,RPRR,6\ORGANISATION_MASTER\1536643732511\6\0\chattisghah.png,," रायपुर नगर निगम",,5,"2018-09-11 00:00:00","1991-04-01 00:00:00","1990-06-01 00:00:00",A,115,,237,111,230,,NULL,NULL,141,NULL,NULL,NULL,2
7,"Ambikapur Municipal Corporation",2,2,"2018-06-13 00:00:00",NULL,NULL,NULL,NULL,NULL,AMBS,7\ORGANISATION_MASTER\1538386710255\7\0\chattisghah.png,,"अंबिकापुर नगर निगम",,10,"2018-10-01 00:00:00","1990-04-01 00:00:00","1990-04-01 00:00:00",A,115,,234,111,231,,NULL,NULL,141,NULL,NULL,NULL,10
8,"Bilaspur Municipal Corporation",2,2,"2018-06-30 00:00:00",NULL,NULL,NULL,NULL,NULL,BSPB,NULL,"BILASPUR MUN\CIPAL CORPORATION Vikas Bhawan, Nehru Chowk, Bilaspur (CG)","बिलासपुर नगर निगम","BILASPUR MUN\CIPAL CORPORATION Vikas Bhawan, Nehru Chowk, Bilaspur (CG)",2,"2018-08-22 00:00:00","2018-06-30 00:00:00","2010-01-01 00:00:00",A,115,,235,111,233,,NULL,NULL,141,NULL,NULL,NULL,3
9,"Rajnandgaon Municipal Corporation",2,2,"2018-06-30 00:00:00",NULL,NULL,NULL,NULL,NULL,RJNR,NULL,"Municipal Corporation Rajnandgaon,  G.E. ROAD, Rajnandgaon DIST. Rajnandgaon  (C.G.)","राजनंदगांव नगर निगम","Municipal Corporation Rajnandgaon,  G.E. ROAD, Rajnandgaon DIST. Rajnandgaon  (C.G.)",2,"2018-08-22 00:00:00","2018-01-01 00:00:00","2009-01-01 00:00:00",A,115,,237,111,232,,NULL,NULL,141,NULL,NULL,NULL,4
10,"Kawardha Municipal Council",2,2,"2018-07-07 00:00:00",NULL,NULL,NULL,NULL,NULL,KWDK,1\ORGANISATION_MASTER\1530940409586\0\cg_logo.png,"Kawardha, Chhattisgarh 491995","कवर्धा नगर पालिका","कवारधा, छत्तीसगढ़ 491959",NULL,NULL,"2017-01-01 00:00:00","2004-01-01 00:00:00",A,114,NULL,236,112,233,,NULL,NULL,141,NULL,NULL,NULL,5
11,"Sitapur Nagar Panchayat",2,2,"2018-07-10 00:00:00",NULL,NULL,NULL,NULL,NULL,STPS,1\ORGANISATION_MASTER\1531201874118\0\cg_logo.png,"Municipal Corporation Sitapur, Chhattisgarh","सीतापुर नगर पंचायत","Municipal Corporation Sitapur, Chhattisgarh",NULL,NULL,"2010-01-01 00:00:00","2002-07-01 00:00:00",A,239,NULL,234,113,231,,NULL,NULL,141,NULL,NULL,NULL,6
12,"Charama Nagar Panchayat",2,2,"2018-07-10 00:00:00",NULL,NULL,NULL,NULL,NULL,CHRK,1\ORGANISATION_MASTER\1531204929477\0\cg_logo.png,"Charama Nagar Panchayat","चरमा नगर पंचायत","Charama Nagar Panchayat",NULL,NULL,"2010-04-01 00:00:00","2000-07-01 00:00:00",A,239,NULL,238,113,233,,NULL,NULL,141,NULL,NULL,NULL,7
13,"Bhatapara Municipal Council",2,2,"2018-07-10 00:00:00",NULL,NULL,NULL,NULL,NULL,BHPB,NULL,"Bhatapara Municipal Council","भाटापारा नगर पालिका","भाटापारा नगर पालिका",33,"2018-09-11 00:00:00","2010-04-01 00:00:00","2000-04-01 00:00:00",A,114,,235,113,4403,,NULL,NULL,141,NULL,NULL,NULL,8
14,"Bhilai Municipal Corporation",1,2,"2018-10-05 00:00:00",NULL,NULL,NULL,NULL,NULL,BHID,NULL,,"भिलाई नगर निगम",,NULL,NULL,"2018-10-05 00:00:00","2018-10-05 00:00:00",A,115,,236,111,230,,NULL,NULL,141,,,,333
15,"Korba Municipal Corporation",1,2,"2018-10-05 00:00:00",NULL,NULL,NULL,NULL,NULL,KRBK,NULL,,"कोरबा नगर निगम",,NULL,NULL,"2018-10-05 00:00:00","2018-10-05 00:00:00",A,115,,235,111,230,,NULL,NULL,141,,,,555
16,"Durg Municipal Corporation",1,2,"2018-10-05 00:00:00",NULL,NULL,NULL,NULL,NULL,DRGD,NULL,,"दुर्ग नगर निगम",,NULL,NULL,"2018-10-05 00:00:00","2018-10-05 00:00:00",A,115,,236,111,230,,NULL,NULL,141,,,,666
17,"Raigarh Municipal Corporation",1,2,"2018-10-05 00:00:00",NULL,NULL,NULL,NULL,NULL,RGRR,NULL,,"रायगढ़ नगर निगम",,NULL,NULL,"2018-10-05 00:00:00","2018-10-05 00:00:00",A,115,,235,111,230,,NULL,NULL,141,,,,888
18,"Jagdalpur Municipal Corporation",1,2,"2018-10-05 00:00:00",NULL,NULL,NULL,NULL,NULL,JDPB,NULL,,"जगदलपुर नगर निगम",,NULL,NULL,"2018-10-05 00:00:00","2018-10-05 00:00:00",A,115,,238,111,230,,NULL,NULL,141,,,,9
19,"Dhamtari Municipal Corporation",1,2,"2018-10-05 00:00:00",NULL,NULL,NULL,NULL,NULL,DHMD,NULL,,"धम्मती नगर निगम",,NULL,NULL,"2018-10-05 00:00:00","2018-10-05 00:00:00",A,115,,237,111,230,,NULL,NULL,141,,,,11
20,"Bhilai-Charoda Municipal Corporation",1,2,"2018-10-05 00:00:00",NULL,NULL,NULL,NULL,NULL,BHID,NULL,,"भिलाई-चारोडा नगर निगम",,NULL,NULL,"2018-10-05 00:00:00","2018-10-05 00:00:00",A,115,,236,111,230,,NULL,NULL,141,,,,12
21,"Birgaon Municipal Corporation",1,2,"2018-10-05 00:00:00",NULL,NULL,NULL,NULL,NULL,BIRR,NULL,,"बिरगांव नगर निगम",,NULL,NULL,"2018-10-05 00:00:00","2018-10-05 00:00:00",A,115,,237,111,230,,NULL,NULL,141,,,,13
22,"Chirmiri Municipal Corporation",1,2,"2018-10-05 00:00:00",NULL,NULL,NULL,NULL,NULL,NULL,NULL,,"चिर्मिरी नगर निगम",,NULL,NULL,"2018-10-05 00:00:00","2018-10-05 00:00:00",A,115,,234,111,230,,NULL,NULL,141,,,,14
23,"Mahasamund Municipal Council",1,2,"2018-10-05 00:00:00",NULL,NULL,NULL,NULL,NULL,MSMM,NULL,,"महासामुंड नगर परिषद",,NULL,NULL,"2018-10-05 00:00:00","2018-10-05 00:00:00",A,114,,237,111,230,,NULL,NULL,141,,,,16
24,"Champa Municipal Council",1,2,"2018-10-05 00:00:00",NULL,NULL,NULL,NULL,NULL,CHPJ,NULL,,"चंपा नगर परिषद",,NULL,NULL,"2018-10-05 00:00:00","2018-10-05 00:00:00",A,114,,235,111,230,,NULL,NULL,141,,,,18
25,"Dalli-rajhara Municipal Council",1,2,"2018-10-05 00:00:00",NULL,NULL,NULL,NULL,NULL,NULL,NULL,,"दल्ली-राजहर नगर परिषद",,NULL,NULL,"2018-10-05 00:00:00","2018-10-05 00:00:00",A,114,,236,111,230,,NULL,NULL,141,,,,19
26,"Janjgir-Naila Municipal Council",1,2,"2018-10-05 00:00:00",NULL,NULL,NULL,NULL,NULL,NULL,NULL,,"जंजगीर-नैला नगर परिषद",,NULL,NULL,"2018-10-05 00:00:00","2018-10-05 00:00:00",A,114,,235,111,230,,NULL,NULL,141,,,,20
27,"Kanker Municipal Council",1,2,"2018-10-05 00:00:00",NULL,NULL,NULL,NULL,NULL,KKRK,NULL,,"कंकड़ नगर परिषद",,NULL,NULL,"2018-10-05 00:00:00","2018-10-05 00:00:00",A,114,,238,111,230,,NULL,NULL,141,,,,21
28,"Dongargarh Municipal Council",1,2,"2018-10-05 00:00:00",NULL,NULL,NULL,NULL,NULL,DGGR,NULL,,"डोंगगढ़ नगर परिषद",,NULL,NULL,"2018-10-05 00:00:00","2018-10-05 00:00:00",A,114,,236,111,230,,NULL,NULL,141,,,,22
29,"Tilda-Newra  Municipal Council",1,2,"2018-10-05 00:00:00",NULL,NULL,NULL,NULL,NULL,NULL,NULL,,"तिल्दा-न्यूरा नगर परिषद",,NULL,NULL,"2018-10-05 00:00:00","2018-10-05 00:00:00",A,114,,237,111,230,,NULL,NULL,141,,,,23
30,"Mungeli Municipal Council",1,2,"2018-10-05 00:00:00",NULL,NULL,NULL,NULL,NULL,MUNM,NULL,,"मुंगेली नगर परिषद",,NULL,NULL,"2018-10-05 00:00:00","2018-10-05 00:00:00",A,114,,235,111,230,,NULL,NULL,141,,,,24
31,"Kumhari Municipal Council",1,2,"2018-10-05 00:00:00",NULL,NULL,NULL,NULL,NULL,KUMD,NULL,,"कुम्हारी नगर परिषद",,NULL,NULL,"2018-10-05 00:00:00","2018-10-05 00:00:00",A,114,,236,111,230,,NULL,NULL,141,,,,25
32,"Manendragarh Municipal Council",1,2,"2018-10-05 00:00:00",NULL,NULL,NULL,NULL,NULL,MNGK,NULL,,"मनेंद्रगढ़ नगर परिषद",,NULL,NULL,"2018-10-05 00:00:00","2018-10-05 00:00:00",A,114,,234,111,230,,NULL,NULL,141,,,,26
33,"Kondagaon Municipal Council",1,2,"2018-10-05 00:00:00",NULL,NULL,NULL,NULL,NULL,KDGK,NULL,,"कोंडागांव नगर परिषद",,NULL,NULL,"2018-10-05 00:00:00","2018-10-05 00:00:00",A,114,,238,111,230,,NULL,NULL,141,,,,27
34,"Tifra Municipal Council",1,2,"2018-10-05 00:00:00",NULL,NULL,NULL,NULL,NULL,TFRB,NULL,,"तिफ़रा नगर परिषद",,NULL,NULL,"2018-10-05 00:00:00","2018-10-05 00:00:00",A,114,,235,111,230,,NULL,NULL,141,,,,28
35,"Gobranawapara Municipal Council",1,2,"2018-10-05 00:00:00",NULL,NULL,NULL,NULL,NULL,GRNR,NULL,,"गोबरानपारा नगर परिषद",,NULL,NULL,"2018-10-05 00:00:00","2018-10-05 00:00:00",A,114,,237,111,230,,NULL,NULL,141,,,,29
36,"Bemetara Municipal Council",1,2,"2018-10-05 00:00:00",NULL,NULL,NULL,NULL,NULL,NULL,NULL,,"बेमेतारा नगर परिषद",,NULL,NULL,"2018-10-05 00:00:00","2018-10-05 00:00:00",A,114,,236,111,230,,NULL,NULL,141,,,,30
37,"Baikunthpur Municipal Council",1,2,"2018-10-05 00:00:00",NULL,NULL,NULL,NULL,NULL,BTPK,NULL,,"बायकुनथपुर नगर परिषद",,NULL,NULL,"2018-10-05 00:00:00","2018-10-05 00:00:00",A,114,,234,111,230,,NULL,NULL,141,,,,31
38,"Jashpur-Nagar Municipal Council",1,2,"2018-10-05 00:00:00",NULL,NULL,NULL,NULL,NULL,NULL,NULL,,"जशपुर-नगर नगर परिषद",,NULL,NULL,"2018-10-05 00:00:00","2018-10-05 00:00:00",A,114,,234,111,230,,NULL,NULL,141,,,,32
39,"Deepika Municipal Council",1,2,"2018-10-05 00:00:00",NULL,NULL,NULL,NULL,NULL,NULL,NULL,,"दीपिका नगर परिषद",,NULL,NULL,"2018-10-05 00:00:00","2018-10-05 00:00:00",A,114,,235,111,230,,NULL,NULL,141,,,,33
40,"Balodabazar Municipal Council",1,2,"2018-10-05 00:00:00",NULL,NULL,NULL,NULL,NULL,BLDJ,NULL,,"बलोडबाजार नगर परिषद",,NULL,NULL,"2018-10-05 00:00:00","2018-10-05 00:00:00",A,114,,237,111,230,,NULL,NULL,141,,,,34
41,"Jamul Municipal Council",1,2,"2018-10-05 00:00:00",NULL,NULL,NULL,NULL,NULL,JAMD,NULL,,"जमुल नगर परिषद",,NULL,NULL,"2018-10-05 00:00:00","2018-10-05 00:00:00",A,114,,236,111,230,,NULL,NULL,141,,,,35
42,"Ratanpur Municipal Council",1,2,"2018-10-05 00:00:00",NULL,NULL,NULL,NULL,NULL,RTPB,NULL,,"रतनपुर नगर परिषद",,NULL,NULL,"2018-10-05 00:00:00","2018-10-05 00:00:00",A,114,,235,111,230,,NULL,NULL,141,,,,36
43,"Balod Municipal Council",1,2,"2018-10-05 00:00:00",NULL,NULL,NULL,NULL,NULL,BALB,NULL,,"बलोड नगर परिषद",,NULL,NULL,"2018-10-05 00:00:00","2018-10-05 00:00:00",A,114,,236,111,230,,NULL,NULL,141,,,,37
44,"Shivpurcharcha Municipal Council",1,2,"2018-10-05 00:00:00",NULL,NULL,NULL,NULL,NULL,SPCK,NULL,,"शिवपुरचर्च नगर परिषद",,NULL,NULL,"2018-10-05 00:00:00","2018-10-05 00:00:00",A,114,,234,111,230,,NULL,NULL,141,,,,38
45,"Akaltara Municipal Council",1,2,"2018-10-05 00:00:00",NULL,NULL,NULL,NULL,NULL,AKTJ,NULL,,"अकालता नगर परिषद",,NULL,NULL,"2018-10-05 00:00:00","2018-10-05 00:00:00",A,114,,235,111,230,,NULL,NULL,141,,,,39
46,"Katghora Municipal Council",1,2,"2018-10-05 00:00:00",NULL,NULL,NULL,NULL,NULL,NULL,NULL,,"कटघोरा नगर परिषद",,NULL,NULL,"2018-10-05 00:00:00","2018-10-05 00:00:00",A,114,,235,111,230,,NULL,NULL,141,,,,40
47,"Khairagarh Municipal Council",1,2,"2018-10-05 00:00:00",NULL,NULL,NULL,NULL,NULL,KHGR,NULL,,"खैरागढ़ नगर परिषद",,NULL,NULL,"2018-10-05 00:00:00","2018-10-05 00:00:00",A,114,,236,111,230,,NULL,NULL,141,,,,41
48,"Narayanpur Municipal Council",1,2,"2018-10-05 00:00:00",NULL,NULL,NULL,NULL,NULL,NRPN,NULL,,"नारायणपुर नगर परिषद",,NULL,NULL,"2018-10-05 00:00:00","2018-10-05 00:00:00",A,114,,238,111,230,,NULL,NULL,141,,,,42
49,"Sakti Municipal Council",1,2,"2018-10-05 00:00:00",NULL,NULL,NULL,NULL,NULL,SKTJ,NULL,,"सक्ति नगर परिषद",,NULL,NULL,"2018-10-05 00:00:00","2018-10-05 00:00:00",A,114,,235,111,230,,NULL,NULL,141,,,,43
50,"Badi-Bacheli Municipal Council",1,2,"2018-10-05 00:00:00",NULL,NULL,NULL,NULL,NULL,NULL,NULL,,"बडी-बहेली नगर परिषद",,NULL,NULL,"2018-10-05 00:00:00","2018-10-05 00:00:00",A,114,,238,111,230,,NULL,NULL,141,,,,44
51,"Ahiwara Municipal Council",1,2,"2018-10-05 00:00:00",NULL,NULL,NULL,NULL,NULL,AHWD,NULL,,"अहिवा नगर परिषद",,NULL,NULL,"2018-10-05 00:00:00","2018-10-05 00:00:00",A,114,,236,111,230,,NULL,NULL,141,,,,45
52,"Surajpur Municipal Council",1,2,"2018-10-05 00:00:00",NULL,NULL,NULL,NULL,NULL,SJPS,NULL,,"सूरजपुर नगर परिषद",,NULL,NULL,"2018-10-05 00:00:00","2018-10-05 00:00:00",A,114,,234,111,230,,NULL,NULL,141,,,,46
53,"Saraipali Municipal Council",1,2,"2018-10-05 00:00:00",NULL,NULL,NULL,NULL,NULL,SRPM,NULL,,"सारापाली नगर परिषद",,NULL,NULL,"2018-10-05 00:00:00","2018-10-05 00:00:00",A,114,,237,111,230,,NULL,NULL,141,,,,47
54,"Takhatpur Municipal Council",1,2,"2018-10-05 00:00:00",NULL,NULL,NULL,NULL,NULL,TKPB,NULL,,"तख्तपुर नगर परिषद",,NULL,NULL,"2018-10-05 00:00:00","2018-10-05 00:00:00",A,114,,235,111,230,,NULL,NULL,141,,,,48
55,"Bagbahara Municipal Council",1,2,"2018-10-05 00:00:00",NULL,NULL,NULL,NULL,NULL,NULL,NULL,,"बागबाहारा नगर परिषद",,NULL,NULL,"2018-10-05 00:00:00","2018-10-05 00:00:00",A,114,,237,111,230,,NULL,NULL,141,,,,49
56,"Aarang Municipal Council",1,2,"2018-10-05 00:00:00",NULL,NULL,NULL,NULL,NULL,ARGR,NULL,,"आरांग नगर परिषद",,NULL,NULL,"2018-10-05 00:00:00","2018-10-05 00:00:00",A,114,,237,111,230,,NULL,NULL,141,,,,50
57,"Kharsiya Municipal Council",1,2,"2018-10-05 00:00:00",NULL,NULL,NULL,NULL,NULL,KRSR,NULL,,"खारसिया नगर परिषद",,NULL,NULL,"2018-10-05 00:00:00","2018-10-05 00:00:00",A,114,,235,111,230,,NULL,NULL,141,,,,51
58,"Kirandul Municipal Council",1,2,"2018-10-05 00:00:00",NULL,NULL,NULL,NULL,NULL,KDLD,NULL,,"किरणंदुल नगर परिषद",,NULL,NULL,"2018-10-05 00:00:00","2018-10-05 00:00:00",A,114,,238,111,230,,NULL,NULL,141,,,,52
59,"Bijapur Municipal Council",1,2,"2018-10-05 00:00:00",NULL,NULL,NULL,NULL,NULL,BIJB,NULL,,"बीजापुर नगर परिषद",,NULL,NULL,"2018-10-05 00:00:00","2018-10-05 00:00:00",A,114,,238,111,230,,NULL,NULL,141,,,,53
60,"Sarangarh Municipal Council",1,2,"2018-10-05 00:00:00",NULL,NULL,NULL,NULL,NULL,SGHR,NULL,,"सरनगढ़ नगर परिषद",,NULL,NULL,"2018-10-05 00:00:00","2018-10-05 00:00:00",A,114,,235,111,230,,NULL,NULL,141,,,,54
61,"Sukma Municipal Council",1,2,"2018-10-05 00:00:00",NULL,NULL,NULL,NULL,NULL,SKMS,NULL,,"सुक्मा नगर परिषद",,NULL,NULL,"2018-10-05 00:00:00","2018-10-05 00:00:00",A,114,,238,111,230,,NULL,NULL,141,,,,55
62,"Dantewada Municipal Council",1,2,"2018-10-05 00:00:00",NULL,NULL,NULL,NULL,NULL,DWDD,NULL,,"दंतेवाड़ा नगर परिषद",,NULL,NULL,"2018-10-05 00:00:00","2018-10-05 00:00:00",A,114,,238,111,230,,NULL,NULL,141,,,,56
63,"Gariaband Municipal Council",1,2,"2018-10-05 00:00:00",NULL,NULL,NULL,NULL,NULL,NULL,NULL,,"गारीबंद नगर परिषद",,NULL,NULL,"2018-10-05 00:00:00","2018-10-05 00:00:00",A,114,,237,111,230,,NULL,NULL,141,,,,57
64,"Balrampur Municipal Council",1,2,"2018-10-05 00:00:00",NULL,NULL,NULL,NULL,NULL,BRPB,NULL,,"बलरामपुर नगर परिषद",,NULL,NULL,"2018-10-05 00:00:00","2018-10-05 00:00:00",A,114,,234,111,230,,NULL,NULL,141,,,,58
65,"Sirgitti Nagar Panchayat",1,2,"2018-10-05 00:00:00",NULL,NULL,NULL,NULL,NULL,SGTB,NULL,,"सरगीट्टी नगर पंचायत",,NULL,NULL,"2018-10-05 00:00:00","2018-10-05 00:00:00",A,239,,235,111,230,,NULL,NULL,141,,,,59
66,"Kota Nagar Panchayat",1,2,"2018-10-05 00:00:00",NULL,NULL,NULL,NULL,NULL,KTAB,NULL,,"कोटा नगर पंचायत",,NULL,NULL,"2018-10-05 00:00:00","2018-10-05 00:00:00",A,239,,235,111,230,,NULL,NULL,141,,,,60
67,"Gaurela Nagar Panchayat",1,2,"2018-10-05 00:00:00",NULL,NULL,NULL,NULL,NULL,NULL,NULL,,"गौरेला नगर पंचायत",,NULL,NULL,"2018-10-05 00:00:00","2018-10-05 00:00:00",A,239,,235,111,230,,NULL,NULL,141,,,,61
68,"Bodri Nagar Panchayat",1,2,"2018-10-05 00:00:00",NULL,NULL,NULL,NULL,NULL,BDRB,NULL,,"बोडरी नगर पंचायत",,NULL,NULL,"2018-10-05 00:00:00","2018-10-05 00:00:00",A,239,,235,111,230,,NULL,NULL,141,,,,62
69,"Khoganpani Nagar Panchayat",1,2,"2018-10-05 00:00:00",NULL,NULL,NULL,NULL,NULL,NULL,NULL,,"खोगनपानी नगर पंचायत",,NULL,NULL,"2018-10-05 00:00:00","2018-10-05 00:00:00",A,239,,234,111,230,,NULL,NULL,141,,,,63
70,"Patthalgaon Nagar Panchayat",1,2,"2018-10-05 00:00:00",NULL,NULL,NULL,NULL,NULL,NULL,NULL,,"पाथलगांव नगर पंचायत",,NULL,NULL,"2018-10-05 00:00:00","2018-10-05 00:00:00",A,239,,234,111,230,,NULL,NULL,141,,,,64
71,"Pandariya Nagar Panchayat",1,2,"2018-10-05 00:00:00",NULL,NULL,NULL,NULL,NULL,NULL,NULL,,"पांडारी नगर पंचायत",,NULL,NULL,"2018-10-05 00:00:00","2018-10-05 00:00:00",A,239,,236,111,230,,NULL,NULL,141,,,,65
72,"Simga Nagar Panchayat",1,2,"2018-10-05 00:00:00",NULL,NULL,NULL,NULL,NULL,SMGB,NULL,,"सिम्गा नगर पंचायत",,NULL,NULL,"2018-10-05 00:00:00","2018-10-05 00:00:00",A,239,,237,111,230,,NULL,NULL,141,,,,66
73,"Lormi Nagar Panchayat",1,2,"2018-10-05 00:00:00",NULL,NULL,NULL,NULL,NULL,LRMM,NULL,,"लोरमी नगर पंचायत",,NULL,NULL,"2018-10-05 00:00:00","2018-10-05 00:00:00",A,239,,235,111,230,,NULL,NULL,141,,,,67
74,"Dongargaon Nagar Panchayat",1,2,"2018-10-05 00:00:00",NULL,NULL,NULL,NULL,NULL,DNGR,NULL,,"डोंगगांव नगर पंचायत",,NULL,NULL,"2018-10-05 00:00:00","2018-10-05 00:00:00",A,239,,236,111,230,,NULL,NULL,141,,,,68
75,"Abhanpur Nagar Panchayat",1,2,"2018-10-05 00:00:00",NULL,NULL,NULL,NULL,NULL,ABPR,NULL,,"अभनपुर नगर पंचायत",,NULL,NULL,"2018-10-05 00:00:00","2018-10-05 00:00:00",A,239,,237,111,230,,NULL,NULL,141,,,,69
76,"Dharamjaigarh Nagar Panchayat",1,2,"2018-10-05 00:00:00",NULL,NULL,NULL,NULL,NULL,DJGR,NULL,,"धर्मजगढ़ नगर पंचायत",,NULL,NULL,"2018-10-05 00:00:00","2018-10-05 00:00:00",A,239,,235,111,230,,NULL,NULL,141,,,,70
77,"Pendra Nagar Panchayat",1,2,"2018-10-05 00:00:00",NULL,NULL,NULL,NULL,NULL,PNDB,NULL,,"पेन्द्र नगर पंचायत",,NULL,NULL,"2018-10-05 00:00:00","2018-10-05 00:00:00",A,239,,235,111,230,,NULL,NULL,141,,,,71
78,"Rajim Nagar Panchayat",1,2,"2018-10-05 00:00:00",NULL,NULL,NULL,NULL,NULL,RJMG,NULL,,"रजिम नगर पंचायत",,NULL,NULL,"2018-10-05 00:00:00","2018-10-05 00:00:00",A,239,,237,111,230,,NULL,NULL,141,,,,72
79,"Kasdol Nagar Panchayat",1,2,"2018-10-05 00:00:00",NULL,NULL,NULL,NULL,NULL,KSDB,NULL,,"कासडोल नगर पंचायत",,NULL,NULL,"2018-10-05 00:00:00","2018-10-05 00:00:00",A,239,,237,111,230,,NULL,NULL,141,,,,73
80,"Kunkuri Nagar Panchayat",1,2,"2018-10-05 00:00:00",NULL,NULL,NULL,NULL,NULL,KNKJ,NULL,,"कंकुरी नगर पंचायत",,NULL,NULL,"2018-10-05 00:00:00","2018-10-05 00:00:00",A,239,,234,111,230,,NULL,NULL,141,,,,74
81,"Kurud Nagar Panchayat",1,2,"2018-10-05 00:00:00",NULL,NULL,NULL,NULL,NULL,KRDD,NULL,,"कुरुद नगर पंचायत",,NULL,NULL,"2018-10-05 00:00:00","2018-10-05 00:00:00",A,239,,237,111,230,,NULL,NULL,141,,,,75
82,"Balauda Nagar Panchayat",1,2,"2018-10-05 00:00:00",NULL,NULL,NULL,NULL,NULL,NULL,NULL,,"बालादा नगर पंचायत",,NULL,NULL,"2018-10-05 00:00:00","2018-10-05 00:00:00",A,239,,235,111,230,,NULL,NULL,141,,,,76
83,"Nagari Nagar Panchayat",1,2,"2018-10-05 00:00:00",NULL,NULL,NULL,NULL,NULL,NAGD,NULL,,"नागरी नगर पंचायत",,NULL,NULL,"2018-10-05 00:00:00","2018-10-05 00:00:00",A,239,,237,111,230,,NULL,NULL,141,,,,77
84,"Gandai Nagar Panchayat",1,2,"2018-10-05 00:00:00",NULL,NULL,NULL,NULL,NULL,GNDR,NULL,,"गांधीई नगर पंचायत",,NULL,NULL,"2018-10-05 00:00:00","2018-10-05 00:00:00",A,239,,236,111,230,,NULL,NULL,141,,,,78
85,"Kirodimal Nagar Panchayat",1,2,"2018-10-05 00:00:00",NULL,NULL,NULL,NULL,NULL,NULL,NULL,,"किरोदीमल नगर पंचायत",,NULL,NULL,"2018-10-05 00:00:00","2018-10-05 00:00:00",A,239,,235,111,230,,NULL,NULL,141,,,,79
86,"Sakri Nagar Panchayat",1,2,"2018-10-05 00:00:00",NULL,NULL,NULL,NULL,NULL,SKRB,NULL,,"सकरी नगर पंचायत",,NULL,NULL,"2018-10-05 00:00:00","2018-10-05 00:00:00",A,239,,235,111,230,,NULL,NULL,141,,,,80
87,"Mana-Camp Nagar Panchayat",1,2,"2018-10-05 00:00:00",NULL,NULL,NULL,NULL,NULL,NULL,NULL,,"मन-शिविर नगर पंचायत",,NULL,NULL,"2018-10-05 00:00:00","2018-10-05 00:00:00",A,239,,237,111,230,,NULL,NULL,141,,,,81
88,"Ramanujganj Nagar Panchayat",1,2,"2018-10-05 00:00:00",NULL,NULL,NULL,NULL,NULL,RMGB,NULL,,"रामानुजगंज नगर पंचायत",,NULL,NULL,"2018-10-05 00:00:00","2018-10-05 00:00:00",A,239,,234,111,230,,NULL,NULL,141,,,,82
89,"Vishrampur Nagar Panchayat",1,2,"2018-10-05 00:00:00",NULL,NULL,NULL,NULL,NULL,NULL,NULL,,"विश्वपुर नगर पंचायत",,NULL,NULL,"2018-10-05 00:00:00","2018-10-05 00:00:00",A,239,,234,111,230,,NULL,NULL,141,,,,83
90,"Bhatgaon Nagar Panchayat",1,2,"2018-10-05 00:00:00",NULL,NULL,NULL,NULL,NULL,BHGS,NULL,,"भटगांव नगर पंचायत",,NULL,NULL,"2018-10-05 00:00:00","2018-10-05 00:00:00",A,239,,234,111,230,,NULL,NULL,141,,,,84
91,"Keskal Nagar Panchayat",1,2,"2018-10-05 00:00:00",NULL,NULL,NULL,NULL,NULL,NULL,NULL,,"केसल नगर पंचायत",,NULL,NULL,"2018-10-05 00:00:00","2018-10-05 00:00:00",A,239,,238,111,230,,NULL,NULL,141,,,,85
92,"Bilha Nagar Panchayat",1,2,"2018-10-05 00:00:00",NULL,NULL,NULL,NULL,NULL,BLHB,NULL,,"बिल्हा नगर पंचायत",,NULL,NULL,"2018-10-05 00:00:00","2018-10-05 00:00:00",A,239,,235,111,230,,NULL,NULL,141,,,,86
93,"Nawagarh Nagar Panchayat",1,2,"2018-10-05 00:00:00",NULL,NULL,NULL,NULL,NULL,NWGB,NULL,,"नवागढ़ नगर पंचायत",,NULL,NULL,"2018-10-05 00:00:00","2018-10-05 00:00:00",A,239,,236,111,230,,NULL,NULL,141,,,,87
94,"Bagicha Nagar Panchayat",1,2,"2018-10-05 00:00:00",NULL,NULL,NULL,NULL,NULL,BGCJ,NULL,,"बागिचा नगर पंचायत",,NULL,NULL,"2018-10-05 00:00:00","2018-10-05 00:00:00",A,239,,234,111,230,,NULL,NULL,141,,,,88
95,"Basna Nagar Panchayat",1,2,"2018-10-05 00:00:00",NULL,NULL,NULL,NULL,NULL,BSNM,NULL,,"बसना नगर पंचायत",,NULL,NULL,"2018-10-05 00:00:00","2018-10-05 00:00:00",A,239,,237,111,230,,NULL,NULL,141,,,,90
96,"Pankhajur Nagar Panchayat",1,2,"2018-10-05 00:00:00",NULL,NULL,NULL,NULL,NULL,NULL,NULL,,"पंकजुर नगर पंचायत",,NULL,NULL,"2018-10-05 00:00:00","2018-10-05 00:00:00",A,239,,238,111,230,,NULL,NULL,141,,,,91
97,"Kharod Nagar Panchayat",1,2,"2018-10-05 00:00:00",NULL,NULL,NULL,NULL,NULL,KROJ,NULL,,"खरोड नगर पंचायत",,NULL,NULL,"2018-10-05 00:00:00","2018-10-05 00:00:00",A,239,,235,111,230,,NULL,NULL,141,,,,92
98,"Patan Nagar Panchayat",1,2,"2018-10-05 00:00:00",NULL,NULL,NULL,NULL,NULL,PTND,NULL,,"पाटन नगर पंचायत",,NULL,NULL,"2018-10-05 00:00:00","2018-10-05 00:00:00",A,239,,236,111,230,,NULL,NULL,141,,,,93
99,"Bastar Nagar Panchayat",1,2,"2018-10-05 00:00:00",NULL,NULL,NULL,NULL,NULL,BSTB,NULL,,"बस्तर नगर पंचायत",,NULL,NULL,"2018-10-05 00:00:00","2018-10-05 00:00:00",A,239,,238,111,230,,NULL,NULL,141,,,,94
100,"Dhamdha Nagar Panchayat",1,2,"2018-10-05 00:00:00",NULL,NULL,NULL,NULL,NULL,DMDD,NULL,,"धाधा नगर पंचायत",,NULL,NULL,"2018-10-05 00:00:00","2018-10-05 00:00:00",A,239,,236,111,230,,NULL,NULL,141,,,,95
101,"Ambagarh-chouki Nagar Panchayat",1,2,"2018-10-05 00:00:00",NULL,NULL,NULL,NULL,NULL,NULL,NULL,,"अंबागढ़-चौकी नगर पंचायत",,NULL,NULL,"2018-10-05 00:00:00","2018-10-05 00:00:00",A,239,,236,111,230,,NULL,NULL,141,,,,96
102,"Fingeshwar Nagar Panchayat",1,2,"2018-10-05 00:00:00",NULL,NULL,NULL,NULL,NULL,FNGG,NULL,,"फिंगेश्वर नगर पंचायत",,NULL,NULL,"2018-10-05 00:00:00","2018-10-05 00:00:00",A,239,,237,111,230,,NULL,NULL,141,,,,97
103,"Shivrinarayan Nagar Panchayat",1,2,"2018-10-05 00:00:00",NULL,NULL,NULL,NULL,NULL,SVNJ,NULL,,"शिवरानरारायण नगर पंचायत",,NULL,NULL,"2018-10-05 00:00:00","2018-10-05 00:00:00",A,239,,235,111,230,,NULL,NULL,141,,,,99
104,"Gharghoda Nagar Panchayat",1,2,"2018-10-05 00:00:00",NULL,NULL,NULL,NULL,NULL,GGDR,NULL,,"घरगोदा नगर पंचायत",,NULL,NULL,"2018-10-05 00:00:00","2018-10-05 00:00:00",A,239,,235,111,230,,NULL,NULL,141,,,,100
105,"Kharora Nagar Panchayat",1,2,"2018-10-05 00:00:00",NULL,NULL,NULL,NULL,NULL,KHRR,NULL,,"खरोरा नगर पंचायत",,NULL,NULL,"2018-10-05 00:00:00","2018-10-05 00:00:00",A,239,,237,111,230,,NULL,NULL,141,,,,102
106,"Bhairamgarh Nagar Panchayat",1,2,"2018-10-05 00:00:00",NULL,NULL,NULL,NULL,NULL,BMGB,NULL,,"भैरमगढ़ नगर पंचायत",,NULL,NULL,"2018-10-05 00:00:00","2018-10-05 00:00:00",A,239,,238,111,230,,NULL,NULL,141,,,,103
107,"Lawan Nagar Panchayat",1,2,"2018-10-05 00:00:00",NULL,NULL,NULL,NULL,NULL,NULL,NULL,,"लॉन नगर पंचायत",,NULL,NULL,"2018-10-05 00:00:00","2018-10-05 00:00:00",A,239,,237,111,230,,NULL,NULL,141,,,,104
108,"Kura Nagar Panchayat",1,2,"2018-10-05 00:00:00",NULL,NULL,NULL,NULL,NULL,KRAR,NULL,,"कुरा नगर पंचायत",,NULL,NULL,"2018-10-05 00:00:00","2018-10-05 00:00:00",A,239,,237,111,230,,NULL,NULL,141,,,,105
109,"Nayabaradwar Nagar Panchayat",1,2,"2018-10-05 00:00:00",NULL,NULL,NULL,NULL,NULL,NULL,NULL,,"नायबरद्वार नगर पंचायत",,NULL,NULL,"2018-10-05 00:00:00","2018-10-05 00:00:00",A,239,,235,111,230,,NULL,NULL,141,,,,106
110,"Utai Nagar Panchayat",1,2,"2018-10-05 00:00:00",NULL,NULL,NULL,NULL,NULL,UTID,NULL,,"उदय नगर पंचायत",,NULL,NULL,"2018-10-05 00:00:00","2018-10-05 00:00:00",A,239,,236,111,230,,NULL,NULL,141,,,,107
111,"Gundardehi Nagar Panchayat",1,2,"2018-10-05 00:00:00",NULL,NULL,NULL,NULL,NULL,NULL,NULL,,"गुंडरदेही नगर पंचायत",,NULL,NULL,"2018-10-05 00:00:00","2018-10-05 00:00:00",A,239,,236,111,230,,NULL,NULL,141,,,,108
112,"Palari Nagar Panchayat",1,2,"2018-10-05 00:00:00",NULL,NULL,NULL,NULL,NULL,PLRB,NULL,,"पलारी नगर पंचायत",,NULL,NULL,"2018-10-05 00:00:00","2018-10-05 00:00:00",A,239,,237,111,230,,NULL,NULL,141,,,,109
113,"Malhar Nagar Panchayat",1,2,"2018-10-05 00:00:00",NULL,NULL,NULL,NULL,NULL,MLHB,NULL,,"मल्हार नगर पंचायत",,NULL,NULL,"2018-10-05 00:00:00","2018-10-05 00:00:00",A,239,,235,111,230,,NULL,NULL,141,,,,110
114,"Pithora Nagar Panchayat",1,2,"2018-10-05 00:00:00",NULL,NULL,NULL,NULL,NULL,PITM,NULL,,"पिथोरा नगर पंचायत",,NULL,NULL,"2018-10-05 00:00:00","2018-10-05 00:00:00",A,239,,237,111,230,,NULL,NULL,141,,,,111
115,"Khamharia Nagar Panchayat",1,2,"2018-10-05 00:00:00",NULL,NULL,NULL,NULL,NULL,NULL,NULL,,"खमेरिया नगर पंचायत",,NULL,NULL,"2018-10-05 00:00:00","2018-10-05 00:00:00",A,239,,236,111,230,,NULL,NULL,141,,,,112
116,"Chhurikala Nagar Panchayat",1,2,"2018-10-05 00:00:00",NULL,NULL,NULL,NULL,NULL,NULL,NULL,,"छुरिकला नगर पंचायत",,NULL,NULL,"2018-10-05 00:00:00","2018-10-05 00:00:00",A,239,,235,111,230,,NULL,NULL,141,,,,113
117,"Tundra Nagar Panchayat",1,2,"2018-10-05 00:00:00",NULL,NULL,NULL,NULL,NULL,TDRB,NULL,,"टुंडरा नगर पंचायत",,NULL,NULL,"2018-10-05 00:00:00","2018-10-05 00:00:00",A,239,,237,111,230,,NULL,NULL,141,,,,114
118,"Lailunga Nagar Panchayat",1,2,"2018-10-05 00:00:00",NULL,NULL,NULL,NULL,NULL,LLUR,NULL,,"लेलुंगा नगर पंचायत",,NULL,NULL,"2018-10-05 00:00:00","2018-10-05 00:00:00",A,239,,235,111,230,,NULL,NULL,141,,,,115
119,"Bhanupratappur Nagar Panchayat",1,2,"2018-10-05 00:00:00",NULL,NULL,NULL,NULL,NULL,NULL,NULL,,"भानुप्रतापुर नगर पंचायत",,NULL,NULL,"2018-10-05 00:00:00","2018-10-05 00:00:00",A,239,,238,111,230,,NULL,NULL,141,,,,116
120,"Dondi Nagar Panchayat",1,2,"2018-10-05 00:00:00",NULL,NULL,NULL,NULL,NULL,NULL,NULL,,"डोंडी नगर पंचायत",,NULL,NULL,"2018-10-05 00:00:00","2018-10-05 00:00:00",A,239,,236,111,230,,NULL,NULL,141,,,,118
121,"Jaijaipur Nagar Panchayat",1,2,"2018-10-05 00:00:00",NULL,NULL,NULL,NULL,NULL,JJPJ,NULL,,"जयजीपुर नगर पंचायत",,NULL,NULL,"2018-10-05 00:00:00","2018-10-05 00:00:00",A,239,,235,111,230,,NULL,NULL,141,,,,119
122,"Dabhra Nagar Panchayat",1,2,"2018-10-05 00:00:00",NULL,NULL,NULL,NULL,NULL,NULL,NULL,,"दभरा नगर पंचायत",,NULL,NULL,"2018-10-05 00:00:00","2018-10-05 00:00:00",A,239,,235,111,230,,NULL,NULL,141,,,,120
123,"Chandrapur Nagar Panchayat",1,2,"2018-10-05 00:00:00",NULL,NULL,NULL,NULL,NULL,CPRJ,NULL,,"चंद्रपुर नगर पंचायत",,NULL,NULL,"2018-10-05 00:00:00","2018-10-05 00:00:00",A,239,,235,111,230,,NULL,NULL,141,,,,121
124,"Jhagrakhand Nagar Panchayat",1,2,"2018-10-05 00:00:00",NULL,NULL,NULL,NULL,NULL,NULL,NULL,,"झग्राखंड नगर पंचायत",,NULL,NULL,"2018-10-05 00:00:00","2018-10-05 00:00:00",A,239,,234,111,230,,NULL,NULL,141,,,,122
125,"Bhakhara Nagar Panchayat",1,2,"2018-10-05 00:00:00",NULL,NULL,NULL,NULL,NULL,BHKD,NULL,,"भाखरा नगर पंचायत",,NULL,NULL,"2018-10-05 00:00:00","2018-10-05 00:00:00",A,239,,237,111,230,,NULL,NULL,141,,,,123
126,"Sargaon Nagar Panchayat",1,2,"2018-10-05 00:00:00",NULL,NULL,NULL,NULL,NULL,SRGM,NULL,,"सरगांव नगर पंचायत",,NULL,NULL,"2018-10-05 00:00:00","2018-10-05 00:00:00",A,239,,235,111,230,,NULL,NULL,141,,,,124
127,"Rahod Nagar Panchayat",1,2,"2018-10-05 00:00:00",NULL,NULL,NULL,NULL,NULL,RHDJ,NULL,,"रहाद नगर पंचायत",,NULL,NULL,"2018-10-05 00:00:00","2018-10-05 00:00:00",A,239,,235,111,230,,NULL,NULL,141,,,,148
128,"Chhura Nagar Panchayat",1,2,"2018-10-05 00:00:00",NULL,NULL,NULL,NULL,NULL,CHUG,NULL,,"छूरा नगर पंचायत",,NULL,NULL,"2018-10-05 00:00:00","2018-10-05 00:00:00",A,239,,237,111,230,,NULL,NULL,141,,,,149
129,"Wadrafnagar Nagar Panchayat",1,2,"2018-10-05 00:00:00",NULL,NULL,NULL,NULL,NULL,WDNB,NULL,,"वाड्राफनगर नगर पंचायत",,NULL,NULL,"2018-10-05 00:00:00","2018-10-05 00:00:00",A,239,,234,111,230,,NULL,NULL,141,,,,150
130,"Daundi-Lohara Nagar Panchayat",1,2,"2018-10-05 00:00:00",NULL,NULL,NULL,NULL,NULL,DNDB,NULL,,"दौंडी-लोहर नगर पंचायत",,NULL,NULL,"2018-10-05 00:00:00","2018-10-05 00:00:00",A,239,,236,111,230,,NULL,NULL,141,,,,151
131,"Bodla Nagar Panchayat",1,2,"2018-10-05 00:00:00",NULL,NULL,NULL,NULL,NULL,BDLK,NULL,,"बोडला नगर पंचायत",,NULL,NULL,"2018-10-05 00:00:00","2018-10-05 00:00:00",A,239,,236,111,230,,NULL,NULL,141,,,,152
132,"Pratappur Nagar Panchayat",1,2,"2018-10-05 00:00:00",NULL,NULL,NULL,NULL,NULL,PTPS,NULL,,"प्रतापपुर नगर पंचायत",,NULL,NULL,"2018-10-05 00:00:00","2018-10-05 00:00:00",A,239,,234,111,230,,NULL,NULL,141,,,,153
133,"Baramkela Nagar Panchayat",1,2,"2018-10-05 00:00:00",NULL,NULL,NULL,NULL,NULL,BMKR,NULL,,"बारामकेला नगर पंचायत",,NULL,NULL,"2018-10-05 00:00:00","2018-10-05 00:00:00",A,239,,235,111,230,,NULL,NULL,141,,,,154
134,"Bilaigarh Nagar Panchayat",1,2,"2018-10-05 00:00:00",NULL,NULL,NULL,NULL,NULL,BGHB,NULL,,"बिलीगढ़ नगर पंचायत",,NULL,NULL,"2018-10-05 00:00:00","2018-10-05 00:00:00",A,239,,237,111,230,,NULL,NULL,141,,,,155
135,"Pali Nagar Panchayat",1,2,"2018-10-05 00:00:00",NULL,NULL,NULL,NULL,NULL,PLIK,NULL,,"पाली नगर पंचायत",,NULL,NULL,"2018-10-05 00:00:00","2018-10-05 00:00:00",A,239,,235,111,230,,NULL,NULL,141,,,,156
136,"Nai-Ledri Nagar Panchayat",1,2,"2018-10-05 00:00:00",NULL,NULL,NULL,NULL,NULL,NULL,NULL,,"नाई-लेद्र नगर पंचायत",,NULL,NULL,"2018-10-05 00:00:00","2018-10-05 00:00:00",A,239,,234,111,230,,NULL,NULL,141,,,,157
137,"Saja Nagar Panchayat",1,2,"2018-10-05 00:00:00",NULL,NULL,NULL,NULL,NULL,SJAB,NULL,,"साजा नगर पंचायत",,NULL,NULL,"2018-10-05 00:00:00","2018-10-05 00:00:00",A,239,,236,111,230,,NULL,NULL,141,,,,158
138,"Berla Nagar Panchayat",1,2,"2018-10-05 00:00:00",NULL,NULL,NULL,NULL,NULL,BRLB,NULL,,"बर्ल नगर पंचायत",,NULL,NULL,"2018-10-05 00:00:00","2018-10-05 00:00:00",A,239,,236,111,230,,NULL,NULL,141,,,,159
139,"Premnagar Nagar Panchayat",1,2,"2018-10-05 00:00:00",NULL,NULL,NULL,NULL,NULL,PRNS,NULL,,"प्रेमनगर नगर पंचायत",,NULL,NULL,"2018-10-05 00:00:00","2018-10-05 00:00:00",A,239,,234,111,230,,NULL,NULL,141,,,,160
140,"Pipariya Nagar Panchayat",1,2,"2018-10-05 00:00:00",NULL,NULL,NULL,NULL,NULL,PPRK,NULL,,"पिपारीय नगर पंचायत",,NULL,NULL,"2018-10-05 00:00:00","2018-10-05 00:00:00",A,239,,236,111,230,,NULL,NULL,141,,,,161
141,"Arjunda Nagar Panchayat",1,2,"2018-10-05 00:00:00",NULL,NULL,NULL,NULL,NULL,ARJB,NULL,,"अर्जुन नगर पंचायत",,NULL,NULL,"2018-10-05 00:00:00","2018-10-05 00:00:00",A,239,,236,111,230,,NULL,NULL,141,,,,162
142,"Rajpur Nagar Panchayat",1,2,"2018-10-05 00:00:00",NULL,NULL,NULL,NULL,NULL,RJPB,NULL,,"राजपुर नगर पंचायत",,NULL,NULL,"2018-10-05 00:00:00","2018-10-05 00:00:00",A,239,,234,111,230,,NULL,NULL,141,,,,163
143,"Pusaur Nagar Panchayat",1,2,"2018-10-05 00:00:00",NULL,NULL,NULL,NULL,NULL,NULL,NULL,,"पुसौर नगर पंचायत",,NULL,NULL,"2018-10-05 00:00:00","2018-10-05 00:00:00",A,239,,235,111,230,,NULL,NULL,141,,,,164
144,"Chhuria Nagar Panchayat",1,2,"2018-10-05 00:00:00",NULL,NULL,NULL,NULL,NULL,NULL,NULL,,"छुरिया नगर पंचायत",,NULL,NULL,"2018-10-05 00:00:00","2018-10-05 00:00:00",A,239,,236,111,230,,NULL,NULL,141,,,,165
145,"Naharpur Nagar Panchayat",1,2,"2018-10-05 00:00:00",NULL,NULL,NULL,NULL,NULL,NULL,NULL,,"नहरपुर नगर पंचायत",,NULL,NULL,"2018-10-05 00:00:00","2018-10-05 00:00:00",A,239,,238,111,230,,NULL,NULL,141,,,,166
146,"Bhopalpattnam Nagar Panchayat",1,2,"2018-10-05 00:00:00",NULL,NULL,NULL,NULL,NULL,NULL,NULL,,"भोपालपत्तनम नगर पंचायत",,NULL,NULL,"2018-10-05 00:00:00","2018-10-05 00:00:00",A,239,,238,111,230,,NULL,NULL,141,,,,167
147,"Gurur Nagar Panchayat",1,2,"2018-10-05 00:00:00",NULL,NULL,NULL,NULL,NULL,GRRB,NULL,,"गुरुूर नगर पंचायत",,NULL,NULL,"2018-10-05 00:00:00","2018-10-05 00:00:00",A,239,,236,111,230,,NULL,NULL,141,,,,168
148,"Parpodi Nagar Panchayat",1,2,"2018-10-05 00:00:00",NULL,NULL,NULL,NULL,NULL,PRPB,NULL,,"परपोदी नगर पंचायत",,NULL,NULL,"2018-10-05 00:00:00","2018-10-05 00:00:00",A,239,,236,111,230,,NULL,NULL,141,,,,169
